caseid,task,start_timestamp,end_timestamp
Case000,Evaluacion curso,2021-02-14 02:08:41.455784,2021-02-14 04:32:46.637297
Case000,Validar solicitud,2021-02-14 04:32:46.637297,2021-02-14 13:16:44.095908
Case000,Homologacion por grupo de cursos,2021-02-14 13:16:44.095908,2021-02-14 14:24:37.363535
Case000,Evaluacion curso,2021-02-14 21:30:35.886904,2021-02-15 08:46:41.786848
Case001,Visto Bueno Cierre Proceso,2021-02-14 15:23:33.868352,2021-02-14 20:54:06.428653
Case001,Notificacion estudiante cancelacion soli,2021-02-14 04:32:46.637297,2021-02-14 04:32:46.637297
Case001,Evaluacion curso,2021-02-14 13:16:44.095908,2021-02-14 17:27:43.918467
Case001,Traer informacion estudiante - banner,2021-02-15 05:21:17.745386,2021-02-16 11:55:16.701456
Case002,Avanzar recepcion documentos,2021-02-14 14:24:37.363535,2021-02-15 07:07:02.370478
Case002,Avanzar recepcion documentos,2021-02-14 13:16:44.095908,2021-02-14 13:16:44.095908
Case002,Validar solicitud,2021-02-14 04:32:46.637297,2021-02-14 04:32:46.637297
Case002,Validacion final,2021-02-13 10:56:32.763539,2021-02-15 01:37:20.126057
Case003,Homologacion por grupo de cursos,2021-02-14 21:32:15.423680,2021-02-14 21:32:15.423680
Case003,Traer informacion estudiante - banner,2021-02-14 04:32:46.637297,2021-02-14 04:32:46.637297
Case003,Visto Bueno Cierre Proceso,2021-02-14 13:16:44.095908,2021-02-15 03:14:25.110274
Case003,Avanzar recepcion documentos,2021-02-14 14:24:37.363535,2021-02-14 19:09:43.600422
Case004,Evaluacion curso,2021-02-14 05:56:02.654133,2021-02-14 05:56:02.654133
Case005,Evaluacion curso,2021-02-14 21:30:35.837681,2021-02-15 08:46:41.737625
Case005,Validar solicitud,2021-02-14 04:32:46.588074,2021-02-14 13:16:44.046685
Case005,Homologacion por grupo de cursos,2021-02-14 13:16:44.046685,2021-02-14 14:24:37.314312
Case005,Evaluacion curso,2021-02-14 02:08:41.406561,2021-02-14 04:32:46.588074
Case006,Visto Bueno Cierre Proceso,2021-02-14 15:23:33.819129,2021-02-14 20:54:06.379430
Case006,Notificacion estudiante cancelacion soli,2021-02-14 04:32:46.588074,2021-02-14 04:32:46.588074
Case006,Evaluacion curso,2021-02-14 13:16:44.046685,2021-02-14 17:27:43.869244
Case006,Traer informacion estudiante - banner,2021-02-15 05:21:17.696163,2021-02-16 11:55:16.652233
Case007,Validacion final,2021-02-13 10:56:32.714316,2021-02-15 01:37:20.076834
Case007,Validar solicitud,2021-02-14 04:32:46.588074,2021-02-14 04:32:46.588074
Case007,Avanzar recepcion documentos,2021-02-14 13:16:44.046685,2021-02-14 13:16:44.046685
Case007,Avanzar recepcion documentos,2021-02-14 14:24:37.314312,2021-02-15 07:07:02.321255
Case008,Homologacion por grupo de cursos,2021-02-14 21:32:15.374457,2021-02-14 21:32:15.374457
Case008,Avanzar recepcion documentos,2021-02-14 14:24:37.314312,2021-02-14 19:09:43.551199
Case008,Visto Bueno Cierre Proceso,2021-02-14 13:16:44.046685,2021-02-15 03:14:25.061051
Case008,Traer informacion estudiante - banner,2021-02-14 04:32:46.588074,2021-02-14 04:32:46.588074
Case009,Evaluacion curso,2021-02-14 05:56:02.604910,2021-02-14 05:56:02.604910
Case010,Homologacion por grupo de cursos,2021-02-14 13:16:43.981807,2021-02-14 14:24:37.249434
Case010,Evaluacion curso,2021-02-14 02:08:41.341683,2021-02-14 04:32:46.523196
Case010,Validar solicitud,2021-02-14 04:32:46.523196,2021-02-14 13:16:43.981807
Case010,Evaluacion curso,2021-02-14 21:30:35.772803,2021-02-15 08:46:41.672747
Case011,Traer informacion estudiante - banner,2021-02-15 05:21:17.631285,2021-02-16 11:55:16.587355
Case011,Notificacion estudiante cancelacion soli,2021-02-14 04:32:46.523196,2021-02-14 04:32:46.523196
Case011,Evaluacion curso,2021-02-14 13:16:43.981807,2021-02-14 17:27:43.804366
Case011,Visto Bueno Cierre Proceso,2021-02-14 15:23:33.754251,2021-02-14 20:54:06.314552
Case012,Validacion final,2021-02-13 10:56:32.649438,2021-02-15 01:37:20.011956
Case012,Validar solicitud,2021-02-14 04:32:46.523196,2021-02-14 04:32:46.523196
Case012,Avanzar recepcion documentos,2021-02-14 13:16:43.981807,2021-02-14 13:16:43.981807
Case012,Avanzar recepcion documentos,2021-02-14 14:24:37.249434,2021-02-15 07:07:02.256377
Case013,Homologacion por grupo de cursos,2021-02-14 21:32:15.309579,2021-02-14 21:32:15.309579
Case013,Traer informacion estudiante - banner,2021-02-14 04:32:46.523196,2021-02-14 04:32:46.523196
Case013,Visto Bueno Cierre Proceso,2021-02-14 13:16:43.981807,2021-02-15 03:14:24.996173
Case013,Avanzar recepcion documentos,2021-02-14 14:24:37.249434,2021-02-14 19:09:43.486321
Case014,Evaluacion curso,2021-02-14 05:56:02.540032,2021-02-14 05:56:02.540032
Case015,Evaluacion curso,2021-02-14 02:08:41.433906,2021-02-14 04:32:46.615419
Case015,Validar solicitud,2021-02-14 04:32:46.615419,2021-02-14 13:16:44.074030
Case015,Homologacion por grupo de cursos,2021-02-14 13:16:44.074030,2021-02-14 14:24:37.341657
Case015,Evaluacion curso,2021-02-14 21:30:35.865026,2021-02-15 08:46:41.764970
Case016,Visto Bueno Cierre Proceso,2021-02-14 15:23:33.846474,2021-02-14 20:54:06.406775
Case016,Notificacion estudiante cancelacion soli,2021-02-14 04:32:46.615419,2021-02-14 04:32:46.615419
Case016,Evaluacion curso,2021-02-14 13:16:44.074030,2021-02-14 17:27:43.896589
Case016,Traer informacion estudiante - banner,2021-02-15 05:21:17.723508,2021-02-16 11:55:16.679578
Case017,Avanzar recepcion documentos,2021-02-14 13:16:44.074030,2021-02-14 13:16:44.074030
Case017,Avanzar recepcion documentos,2021-02-14 14:24:37.341657,2021-02-15 07:07:02.348600
Case017,Validar solicitud,2021-02-14 04:32:46.615419,2021-02-14 04:32:46.615419
Case017,Validacion final,2021-02-13 10:56:32.741661,2021-02-15 01:37:20.104179
Case018,Homologacion por grupo de cursos,2021-02-14 21:32:15.401802,2021-02-14 21:32:15.401802
Case018,Traer informacion estudiante - banner,2021-02-14 04:32:46.615419,2021-02-14 04:32:46.615419
Case018,Visto Bueno Cierre Proceso,2021-02-14 13:16:44.074030,2021-02-15 03:14:25.088396
Case018,Avanzar recepcion documentos,2021-02-14 14:24:37.341657,2021-02-14 19:09:43.578544
Case019,Evaluacion curso,2021-02-14 05:56:02.632255,2021-02-14 05:56:02.632255
Case020,Evaluacion curso,2021-02-14 21:30:35.961983,2021-02-15 08:46:41.861927
Case020,Homologacion por grupo de cursos,2021-02-14 13:16:44.170987,2021-02-14 14:24:37.438614
Case020,Validar solicitud,2021-02-14 04:32:46.712376,2021-02-14 13:16:44.170987
Case020,Evaluacion curso,2021-02-14 02:08:41.530863,2021-02-14 04:32:46.712376
Case021,Visto Bueno Cierre Proceso,2021-02-14 15:23:33.943431,2021-02-14 20:54:06.503732
Case021,Notificacion estudiante cancelacion soli,2021-02-14 04:32:46.712376,2021-02-14 04:32:46.712376
Case021,Evaluacion curso,2021-02-14 13:16:44.170987,2021-02-14 17:27:43.993546
Case021,Traer informacion estudiante - banner,2021-02-15 05:21:17.820465,2021-02-16 11:55:16.776535
Case022,Validacion final,2021-02-13 10:56:32.838618,2021-02-15 01:37:20.201136
Case022,Validar solicitud,2021-02-14 04:32:46.712376,2021-02-14 04:32:46.712376
Case022,Avanzar recepcion documentos,2021-02-14 13:16:44.170987,2021-02-14 13:16:44.170987
Case022,Avanzar recepcion documentos,2021-02-14 14:24:37.438614,2021-02-15 07:07:02.445557
Case023,Avanzar recepcion documentos,2021-02-14 14:24:37.438614,2021-02-14 19:09:43.675501
Case023,Visto Bueno Cierre Proceso,2021-02-14 13:16:44.170987,2021-02-15 03:14:25.185353
Case023,Homologacion por grupo de cursos,2021-02-14 21:32:15.498759,2021-02-14 21:32:15.498759
Case023,Traer informacion estudiante - banner,2021-02-14 04:32:46.712376,2021-02-14 04:32:46.712376
Case024,Evaluacion curso,2021-02-14 05:56:02.729212,2021-02-14 05:56:02.729212
Case025,Evaluacion curso,2021-02-14 02:08:41.416735,2021-02-14 04:32:46.598248
Case025,Validar solicitud,2021-02-14 04:32:46.598248,2021-02-14 13:16:44.056859
Case025,Homologacion por grupo de cursos,2021-02-14 13:16:44.056859,2021-02-14 14:24:37.324486
Case025,Evaluacion curso,2021-02-14 21:30:35.847855,2021-02-15 08:46:41.747799
Case026,Traer informacion estudiante - banner,2021-02-15 05:21:17.706337,2021-02-16 11:55:16.662407
Case026,Evaluacion curso,2021-02-14 13:16:44.056859,2021-02-14 17:27:43.879418
Case026,Visto Bueno Cierre Proceso,2021-02-14 15:23:33.829303,2021-02-14 20:54:06.389604
Case026,Notificacion estudiante cancelacion soli,2021-02-14 04:32:46.598248,2021-02-14 04:32:46.598248
Case027,Validacion final,2021-02-13 10:56:32.724490,2021-02-15 01:37:20.087008
Case027,Validar solicitud,2021-02-14 04:32:46.598248,2021-02-14 04:32:46.598248
Case027,Avanzar recepcion documentos,2021-02-14 13:16:44.056859,2021-02-14 13:16:44.056859
Case027,Avanzar recepcion documentos,2021-02-14 14:24:37.324486,2021-02-15 07:07:02.331429
Case028,Homologacion por grupo de cursos,2021-02-14 21:32:15.384631,2021-02-14 21:32:15.384631
Case028,Traer informacion estudiante - banner,2021-02-14 04:32:46.598248,2021-02-14 04:32:46.598248
Case028,Visto Bueno Cierre Proceso,2021-02-14 13:16:44.056859,2021-02-15 03:14:25.071225
Case028,Avanzar recepcion documentos,2021-02-14 14:24:37.324486,2021-02-14 19:09:43.561373
Case029,Evaluacion curso,2021-02-14 05:56:02.615084,2021-02-14 05:56:02.615084
Case030,Evaluacion curso,2021-02-14 02:08:41.450298,2021-02-14 04:32:46.631811
Case030,Validar solicitud,2021-02-14 04:32:46.631811,2021-02-14 13:16:44.090422
Case030,Homologacion por grupo de cursos,2021-02-14 13:16:44.090422,2021-02-14 14:24:37.358049
Case030,Evaluacion curso,2021-02-14 21:30:35.881418,2021-02-15 08:46:41.781362
Case031,Visto Bueno Cierre Proceso,2021-02-14 15:23:33.862866,2021-02-14 20:54:06.423167
Case031,Notificacion estudiante cancelacion soli,2021-02-14 04:32:46.631811,2021-02-14 04:32:46.631811
Case031,Evaluacion curso,2021-02-14 13:16:44.090422,2021-02-14 17:27:43.912981
Case031,Traer informacion estudiante - banner,2021-02-15 05:21:17.739900,2021-02-16 11:55:16.695970
Case032,Validar solicitud,2021-02-14 04:32:46.631811,2021-02-14 04:32:46.631811
Case032,Avanzar recepcion documentos,2021-02-14 14:24:37.358049,2021-02-15 07:07:02.364992
Case032,Avanzar recepcion documentos,2021-02-14 13:16:44.090422,2021-02-14 13:16:44.090422
Case032,Validacion final,2021-02-13 10:56:32.758053,2021-02-15 01:37:20.120571
Case033,Homologacion por grupo de cursos,2021-02-14 21:32:15.418194,2021-02-14 21:32:15.418194
Case033,Traer informacion estudiante - banner,2021-02-14 04:32:46.631811,2021-02-14 04:32:46.631811
Case033,Visto Bueno Cierre Proceso,2021-02-14 13:16:44.090422,2021-02-15 03:14:25.104788
Case033,Avanzar recepcion documentos,2021-02-14 14:24:37.358049,2021-02-14 19:09:43.594936
Case034,Evaluacion curso,2021-02-14 05:56:02.648647,2021-02-14 05:56:02.648647
Case035,Evaluacion curso,2021-02-14 21:30:35.858554,2021-02-15 08:46:41.758498
Case035,Homologacion por grupo de cursos,2021-02-14 13:16:44.067558,2021-02-14 14:24:37.335185
Case035,Evaluacion curso,2021-02-14 02:08:41.427434,2021-02-14 04:32:46.608947
Case035,Validar solicitud,2021-02-14 04:32:46.608947,2021-02-14 13:16:44.067558
Case036,Visto Bueno Cierre Proceso,2021-02-14 15:23:33.840002,2021-02-14 20:54:06.400303
Case036,Notificacion estudiante cancelacion soli,2021-02-14 04:32:46.608947,2021-02-14 04:32:46.608947
Case036,Evaluacion curso,2021-02-14 13:16:44.067558,2021-02-14 17:27:43.890117
Case036,Traer informacion estudiante - banner,2021-02-15 05:21:17.717036,2021-02-16 11:55:16.673106
Case037,Avanzar recepcion documentos,2021-02-14 13:16:44.067558,2021-02-14 13:16:44.067558
Case037,Validar solicitud,2021-02-14 04:32:46.608947,2021-02-14 04:32:46.608947
Case037,Avanzar recepcion documentos,2021-02-14 14:24:37.335185,2021-02-15 07:07:02.342128
Case037,Validacion final,2021-02-13 10:56:32.735189,2021-02-15 01:37:20.097707
Case038,Homologacion por grupo de cursos,2021-02-14 21:32:15.395330,2021-02-14 21:32:15.395330
Case038,Traer informacion estudiante - banner,2021-02-14 04:32:46.608947,2021-02-14 04:32:46.608947
Case038,Visto Bueno Cierre Proceso,2021-02-14 13:16:44.067558,2021-02-15 03:14:25.081924
Case038,Avanzar recepcion documentos,2021-02-14 14:24:37.335185,2021-02-14 19:09:43.572072
Case039,Evaluacion curso,2021-02-14 05:56:02.625783,2021-02-14 05:56:02.625783
Case040,Homologacion por grupo de cursos,2021-02-14 13:16:44.137894,2021-02-14 14:24:37.405521
Case040,Validar solicitud,2021-02-14 04:32:46.679283,2021-02-14 13:16:44.137894
Case040,Evaluacion curso,2021-02-14 21:30:35.928890,2021-02-15 08:46:41.828834
Case040,Evaluacion curso,2021-02-14 02:08:41.497770,2021-02-14 04:32:46.679283
Case041,Visto Bueno Cierre Proceso,2021-02-14 15:23:33.910338,2021-02-14 20:54:06.470639
Case041,Notificacion estudiante cancelacion soli,2021-02-14 04:32:46.679283,2021-02-14 04:32:46.679283
Case041,Evaluacion curso,2021-02-14 13:16:44.137894,2021-02-14 17:27:43.960453
Case041,Traer informacion estudiante - banner,2021-02-15 05:21:17.787372,2021-02-16 11:55:16.743442
Case042,Validacion final,2021-02-13 10:56:32.805525,2021-02-15 01:37:20.168043
Case042,Validar solicitud,2021-02-14 04:32:46.679283,2021-02-14 04:32:46.679283
Case042,Avanzar recepcion documentos,2021-02-14 13:16:44.137894,2021-02-14 13:16:44.137894
Case042,Avanzar recepcion documentos,2021-02-14 14:24:37.405521,2021-02-15 07:07:02.412464
Case043,Avanzar recepcion documentos,2021-02-14 14:24:37.405521,2021-02-14 19:09:43.642408
Case043,Visto Bueno Cierre Proceso,2021-02-14 13:16:44.137894,2021-02-15 03:14:25.152260
Case043,Homologacion por grupo de cursos,2021-02-14 21:32:15.465666,2021-02-14 21:32:15.465666
Case043,Traer informacion estudiante - banner,2021-02-14 04:32:46.679283,2021-02-14 04:32:46.679283
Case044,Evaluacion curso,2021-02-14 05:56:02.696119,2021-02-14 05:56:02.696119
Case045,Evaluacion curso,2021-02-14 02:08:41.451597,2021-02-14 04:32:46.633110
Case045,Validar solicitud,2021-02-14 04:32:46.633110,2021-02-14 13:16:44.091721
Case045,Homologacion por grupo de cursos,2021-02-14 13:16:44.091721,2021-02-14 14:24:37.359348
Case045,Evaluacion curso,2021-02-14 21:30:35.882717,2021-02-15 08:46:41.782661
Case046,Traer informacion estudiante - banner,2021-02-15 05:21:17.741199,2021-02-16 11:55:16.697269
Case046,Evaluacion curso,2021-02-14 13:16:44.091721,2021-02-14 17:27:43.914280
Case046,Visto Bueno Cierre Proceso,2021-02-14 15:23:33.864165,2021-02-14 20:54:06.424466
Case046,Notificacion estudiante cancelacion soli,2021-02-14 04:32:46.633110,2021-02-14 04:32:46.633110
Case047,Validacion final,2021-02-13 10:56:32.759352,2021-02-15 01:37:20.121870
Case047,Validar solicitud,2021-02-14 04:32:46.633110,2021-02-14 04:32:46.633110
Case047,Avanzar recepcion documentos,2021-02-14 13:16:44.091721,2021-02-14 13:16:44.091721
Case047,Avanzar recepcion documentos,2021-02-14 14:24:37.359348,2021-02-15 07:07:02.366291
Case048,Homologacion por grupo de cursos,2021-02-14 21:32:15.419493,2021-02-14 21:32:15.419493
Case048,Traer informacion estudiante - banner,2021-02-14 04:32:46.633110,2021-02-14 04:32:46.633110
Case048,Visto Bueno Cierre Proceso,2021-02-14 13:16:44.091721,2021-02-15 03:14:25.106087
Case048,Avanzar recepcion documentos,2021-02-14 14:24:37.359348,2021-02-14 19:09:43.596235
Case049,Evaluacion curso,2021-02-14 05:56:02.649946,2021-02-14 05:56:02.649946
Case050,Evaluacion curso,2021-02-14 02:08:41.461637,2021-02-14 04:32:46.643150
Case050,Validar solicitud,2021-02-14 04:32:46.643150,2021-02-14 13:16:44.101761
Case050,Homologacion por grupo de cursos,2021-02-14 13:16:44.101761,2021-02-14 14:24:37.369388
Case050,Evaluacion curso,2021-02-14 21:30:35.892757,2021-02-15 08:46:41.792701
Case051,Visto Bueno Cierre Proceso,2021-02-14 15:23:33.874205,2021-02-14 20:54:06.434506
Case051,Notificacion estudiante cancelacion soli,2021-02-14 04:32:46.643150,2021-02-14 04:32:46.643150
Case051,Evaluacion curso,2021-02-14 13:16:44.101761,2021-02-14 17:27:43.924320
Case051,Traer informacion estudiante - banner,2021-02-15 05:21:17.751239,2021-02-16 11:55:16.707309
Case052,Avanzar recepcion documentos,2021-02-14 14:24:37.369388,2021-02-15 07:07:02.376331
Case052,Avanzar recepcion documentos,2021-02-14 13:16:44.101761,2021-02-14 13:16:44.101761
Case052,Validacion final,2021-02-13 10:56:32.769392,2021-02-15 01:37:20.131910
Case052,Validar solicitud,2021-02-14 04:32:46.643150,2021-02-14 04:32:46.643150
Case053,Homologacion por grupo de cursos,2021-02-14 21:32:15.429533,2021-02-14 21:32:15.429533
Case053,Traer informacion estudiante - banner,2021-02-14 04:32:46.643150,2021-02-14 04:32:46.643150
Case053,Visto Bueno Cierre Proceso,2021-02-14 13:16:44.101761,2021-02-15 03:14:25.116127
Case053,Avanzar recepcion documentos,2021-02-14 14:24:37.369388,2021-02-14 19:09:43.606275
Case054,Evaluacion curso,2021-02-14 05:56:02.659986,2021-02-14 05:56:02.659986
Case055,Evaluacion curso,2021-02-14 21:30:36.149049,2021-02-15 08:46:42.048993
Case055,Homologacion por grupo de cursos,2021-02-14 13:16:44.358053,2021-02-14 14:24:37.625680
Case055,Evaluacion curso,2021-02-14 02:08:41.717929,2021-02-14 04:32:46.899442
Case055,Validar solicitud,2021-02-14 04:32:46.899442,2021-02-14 13:16:44.358053
Case056,Visto Bueno Cierre Proceso,2021-02-14 15:23:34.130497,2021-02-14 20:54:06.690798
Case056,Notificacion estudiante cancelacion soli,2021-02-14 04:32:46.899442,2021-02-14 04:32:46.899442
Case056,Evaluacion curso,2021-02-14 13:16:44.358053,2021-02-14 17:27:44.180612
Case056,Traer informacion estudiante - banner,2021-02-15 05:21:18.007531,2021-02-16 11:55:16.963601
Case057,Avanzar recepcion documentos,2021-02-14 13:16:44.358053,2021-02-14 13:16:44.358053
Case057,Validar solicitud,2021-02-14 04:32:46.899442,2021-02-14 04:32:46.899442
Case057,Avanzar recepcion documentos,2021-02-14 14:24:37.625680,2021-02-15 07:07:02.632623
Case057,Validacion final,2021-02-13 10:56:33.025684,2021-02-15 01:37:20.388202
Case058,Avanzar recepcion documentos,2021-02-14 14:24:37.625680,2021-02-14 19:09:43.862567
Case058,Visto Bueno Cierre Proceso,2021-02-14 13:16:44.358053,2021-02-15 03:14:25.372419
Case058,Homologacion por grupo de cursos,2021-02-14 21:32:15.685825,2021-02-14 21:32:15.685825
Case058,Traer informacion estudiante - banner,2021-02-14 04:32:46.899442,2021-02-14 04:32:46.899442
Case059,Evaluacion curso,2021-02-14 05:56:02.916278,2021-02-14 05:56:02.916278
Case060,Homologacion por grupo de cursos,2021-02-14 13:16:44.400202,2021-02-14 14:24:37.667829
Case060,Validar solicitud,2021-02-14 04:32:46.941591,2021-02-14 13:16:44.400202
Case060,Evaluacion curso,2021-02-14 21:30:36.191198,2021-02-15 08:46:42.091142
Case060,Evaluacion curso,2021-02-14 02:08:41.760078,2021-02-14 04:32:46.941591
Case061,Visto Bueno Cierre Proceso,2021-02-14 15:23:34.172646,2021-02-14 20:54:06.732947
Case061,Notificacion estudiante cancelacion soli,2021-02-14 04:32:46.941591,2021-02-14 04:32:46.941591
Case061,Evaluacion curso,2021-02-14 13:16:44.400202,2021-02-14 17:27:44.222761
Case061,Traer informacion estudiante - banner,2021-02-15 05:21:18.049680,2021-02-16 11:55:17.005750
Case062,Avanzar recepcion documentos,2021-02-14 14:24:37.667829,2021-02-15 07:07:02.674772
Case062,Validacion final,2021-02-13 10:56:33.067833,2021-02-15 01:37:20.430351
Case062,Validar solicitud,2021-02-14 04:32:46.941591,2021-02-14 04:32:46.941591
Case062,Avanzar recepcion documentos,2021-02-14 13:16:44.400202,2021-02-14 13:16:44.400202
Case063,Visto Bueno Cierre Proceso,2021-02-14 13:16:44.400202,2021-02-15 03:14:25.414568
Case063,Avanzar recepcion documentos,2021-02-14 14:24:37.667829,2021-02-14 19:09:43.904716
Case063,Traer informacion estudiante - banner,2021-02-14 04:32:46.941591,2021-02-14 04:32:46.941591
Case063,Homologacion por grupo de cursos,2021-02-14 21:32:15.727974,2021-02-14 21:32:15.727974
Case064,Evaluacion curso,2021-02-14 05:56:02.958427,2021-02-14 05:56:02.958427
Case065,Evaluacion curso,2021-02-14 02:08:41.565429,2021-02-14 04:32:46.746942
Case065,Validar solicitud,2021-02-14 04:32:46.746942,2021-02-14 13:16:44.205553
Case065,Homologacion por grupo de cursos,2021-02-14 13:16:44.205553,2021-02-14 14:24:37.473180
Case065,Evaluacion curso,2021-02-14 21:30:35.996549,2021-02-15 08:46:41.896493
Case066,Traer informacion estudiante - banner,2021-02-15 05:21:17.855031,2021-02-16 11:55:16.811101
Case066,Evaluacion curso,2021-02-14 13:16:44.205553,2021-02-14 17:27:44.028112
Case066,Notificacion estudiante cancelacion soli,2021-02-14 04:32:46.746942,2021-02-14 04:32:46.746942
Case066,Visto Bueno Cierre Proceso,2021-02-14 15:23:33.977997,2021-02-14 20:54:06.538298
Case067,Validacion final,2021-02-13 10:56:32.873184,2021-02-15 01:37:20.235702
Case067,Validar solicitud,2021-02-14 04:32:46.746942,2021-02-14 04:32:46.746942
Case067,Avanzar recepcion documentos,2021-02-14 13:16:44.205553,2021-02-14 13:16:44.205553
Case067,Avanzar recepcion documentos,2021-02-14 14:24:37.473180,2021-02-15 07:07:02.480123
Case068,Homologacion por grupo de cursos,2021-02-14 21:32:15.533325,2021-02-14 21:32:15.533325
Case068,Traer informacion estudiante - banner,2021-02-14 04:32:46.746942,2021-02-14 04:32:46.746942
Case068,Visto Bueno Cierre Proceso,2021-02-14 13:16:44.205553,2021-02-15 03:14:25.219919
Case068,Avanzar recepcion documentos,2021-02-14 14:24:37.473180,2021-02-14 19:09:43.710067
Case069,Evaluacion curso,2021-02-14 05:56:02.763778,2021-02-14 05:56:02.763778
Case070,Evaluacion curso,2021-02-14 02:08:41.736821,2021-02-14 04:32:46.918334
Case070,Validar solicitud,2021-02-14 04:32:46.918334,2021-02-14 13:16:44.376945
Case070,Homologacion por grupo de cursos,2021-02-14 13:16:44.376945,2021-02-14 14:24:37.644572
Case070,Evaluacion curso,2021-02-14 21:30:36.167941,2021-02-15 08:46:42.067885
Case071,Visto Bueno Cierre Proceso,2021-02-14 15:23:34.149389,2021-02-14 20:54:06.709690
Case071,Notificacion estudiante cancelacion soli,2021-02-14 04:32:46.918334,2021-02-14 04:32:46.918334
Case071,Evaluacion curso,2021-02-14 13:16:44.376945,2021-02-14 17:27:44.199504
Case071,Traer informacion estudiante - banner,2021-02-15 05:21:18.026423,2021-02-16 11:55:16.982493
Case072,Avanzar recepcion documentos,2021-02-14 14:24:37.644572,2021-02-15 07:07:02.651515
Case072,Avanzar recepcion documentos,2021-02-14 13:16:44.376945,2021-02-14 13:16:44.376945
Case072,Validar solicitud,2021-02-14 04:32:46.918334,2021-02-14 04:32:46.918334
Case072,Validacion final,2021-02-13 10:56:33.044576,2021-02-15 01:37:20.407094
Case073,Homologacion por grupo de cursos,2021-02-14 21:32:15.704717,2021-02-14 21:32:15.704717
Case073,Traer informacion estudiante - banner,2021-02-14 04:32:46.918334,2021-02-14 04:32:46.918334
Case073,Visto Bueno Cierre Proceso,2021-02-14 13:16:44.376945,2021-02-15 03:14:25.391311
Case073,Avanzar recepcion documentos,2021-02-14 14:24:37.644572,2021-02-14 19:09:43.881459
Case074,Evaluacion curso,2021-02-14 05:56:02.935170,2021-02-14 05:56:02.935170
Case075,Evaluacion curso,2021-02-14 21:30:36.552216,2021-02-15 08:46:42.452160
Case075,Homologacion por grupo de cursos,2021-02-14 13:16:44.761220,2021-02-14 14:24:38.028847
Case075,Validar solicitud,2021-02-14 04:32:47.302609,2021-02-14 13:16:44.761220
Case075,Evaluacion curso,2021-02-14 02:08:42.121096,2021-02-14 04:32:47.302609
Case076,Visto Bueno Cierre Proceso,2021-02-14 15:23:34.533664,2021-02-14 20:54:07.093965
Case076,Notificacion estudiante cancelacion soli,2021-02-14 04:32:47.302609,2021-02-14 04:32:47.302609
Case076,Evaluacion curso,2021-02-14 13:16:44.761220,2021-02-14 17:27:44.583779
Case076,Traer informacion estudiante - banner,2021-02-15 05:21:18.410698,2021-02-16 11:55:17.366768
Case077,Avanzar recepcion documentos,2021-02-14 14:24:38.028847,2021-02-15 07:07:03.035790
Case077,Validar solicitud,2021-02-14 04:32:47.302609,2021-02-14 04:32:47.302609
Case077,Avanzar recepcion documentos,2021-02-14 13:16:44.761220,2021-02-14 13:16:44.761220
Case077,Validacion final,2021-02-13 10:56:33.428851,2021-02-15 01:37:20.791369
Case078,Homologacion por grupo de cursos,2021-02-14 21:32:16.088992,2021-02-14 21:32:16.088992
Case078,Traer informacion estudiante - banner,2021-02-14 04:32:47.302609,2021-02-14 04:32:47.302609
Case078,Visto Bueno Cierre Proceso,2021-02-14 13:16:44.761220,2021-02-15 03:14:25.775586
Case078,Avanzar recepcion documentos,2021-02-14 14:24:38.028847,2021-02-14 19:09:44.265734
Case079,Evaluacion curso,2021-02-14 05:56:03.319445,2021-02-14 05:56:03.319445
Case080,Homologacion por grupo de cursos,2021-02-14 13:16:44.465438,2021-02-14 14:24:37.733065
Case080,Validar solicitud,2021-02-14 04:32:47.006827,2021-02-14 13:16:44.465438
Case080,Evaluacion curso,2021-02-14 21:30:36.256434,2021-02-15 08:46:42.156378
Case080,Evaluacion curso,2021-02-14 02:08:41.825314,2021-02-14 04:32:47.006827
Case081,Traer informacion estudiante - banner,2021-02-15 05:21:18.114916,2021-02-16 11:55:17.070986
Case081,Evaluacion curso,2021-02-14 13:16:44.465438,2021-02-14 17:27:44.287997
Case081,Visto Bueno Cierre Proceso,2021-02-14 15:23:34.237882,2021-02-14 20:54:06.798183
Case081,Notificacion estudiante cancelacion soli,2021-02-14 04:32:47.006827,2021-02-14 04:32:47.006827
Case082,Validacion final,2021-02-13 10:56:33.133069,2021-02-15 01:37:20.495587
Case082,Validar solicitud,2021-02-14 04:32:47.006827,2021-02-14 04:32:47.006827
Case082,Avanzar recepcion documentos,2021-02-14 13:16:44.465438,2021-02-14 13:16:44.465438
Case082,Avanzar recepcion documentos,2021-02-14 14:24:37.733065,2021-02-15 07:07:02.740008
Case083,Visto Bueno Cierre Proceso,2021-02-14 13:16:44.465438,2021-02-15 03:14:25.479804
Case083,Traer informacion estudiante - banner,2021-02-14 04:32:47.006827,2021-02-14 04:32:47.006827
Case083,Avanzar recepcion documentos,2021-02-14 14:24:37.733065,2021-02-14 19:09:43.969952
Case083,Homologacion por grupo de cursos,2021-02-14 21:32:15.793210,2021-02-14 21:32:15.793210
Case084,Evaluacion curso,2021-02-14 05:56:03.023663,2021-02-14 05:56:03.023663
Case085,Evaluacion curso,2021-02-14 02:08:41.655937,2021-02-14 04:32:46.837450
Case085,Validar solicitud,2021-02-14 04:32:46.837450,2021-02-14 13:16:44.296061
Case085,Homologacion por grupo de cursos,2021-02-14 13:16:44.296061,2021-02-14 14:24:37.563688
Case085,Evaluacion curso,2021-02-14 21:30:36.087057,2021-02-15 08:46:41.987001
Case086,Traer informacion estudiante - banner,2021-02-15 05:21:17.945539,2021-02-16 11:55:16.901609
Case086,Notificacion estudiante cancelacion soli,2021-02-14 04:32:46.837450,2021-02-14 04:32:46.837450
Case086,Evaluacion curso,2021-02-14 13:16:44.296061,2021-02-14 17:27:44.118620
Case086,Visto Bueno Cierre Proceso,2021-02-14 15:23:34.068505,2021-02-14 20:54:06.628806
Case087,Validacion final,2021-02-13 10:56:32.963692,2021-02-15 01:37:20.326210
Case087,Validar solicitud,2021-02-14 04:32:46.837450,2021-02-14 04:32:46.837450
Case087,Avanzar recepcion documentos,2021-02-14 13:16:44.296061,2021-02-14 13:16:44.296061
Case087,Avanzar recepcion documentos,2021-02-14 14:24:37.563688,2021-02-15 07:07:02.570631
Case088,Homologacion por grupo de cursos,2021-02-14 21:32:15.623833,2021-02-14 21:32:15.623833
Case088,Traer informacion estudiante - banner,2021-02-14 04:32:46.837450,2021-02-14 04:32:46.837450
Case088,Visto Bueno Cierre Proceso,2021-02-14 13:16:44.296061,2021-02-15 03:14:25.310427
Case088,Avanzar recepcion documentos,2021-02-14 14:24:37.563688,2021-02-14 19:09:43.800575
Case089,Evaluacion curso,2021-02-14 05:56:02.854286,2021-02-14 05:56:02.854286
Case090,Evaluacion curso,2021-02-14 02:08:41.776885,2021-02-14 04:32:46.958398
Case090,Validar solicitud,2021-02-14 04:32:46.958398,2021-02-14 13:16:44.417009
Case090,Homologacion por grupo de cursos,2021-02-14 13:16:44.417009,2021-02-14 14:24:37.684636
Case090,Evaluacion curso,2021-02-14 21:30:36.208005,2021-02-15 08:46:42.107949
Case091,Evaluacion curso,2021-02-14 13:16:44.417009,2021-02-14 17:27:44.239568
Case091,Visto Bueno Cierre Proceso,2021-02-14 15:23:34.189453,2021-02-14 20:54:06.749754
Case091,Notificacion estudiante cancelacion soli,2021-02-14 04:32:46.958398,2021-02-14 04:32:46.958398
Case091,Traer informacion estudiante - banner,2021-02-15 05:21:18.066487,2021-02-16 11:55:17.022557
Case092,Avanzar recepcion documentos,2021-02-14 14:24:37.684636,2021-02-15 07:07:02.691579
Case092,Avanzar recepcion documentos,2021-02-14 13:16:44.417009,2021-02-14 13:16:44.417009
Case092,Validacion final,2021-02-13 10:56:33.084640,2021-02-15 01:37:20.447158
Case092,Validar solicitud,2021-02-14 04:32:46.958398,2021-02-14 04:32:46.958398
Case093,Homologacion por grupo de cursos,2021-02-14 21:32:15.744781,2021-02-14 21:32:15.744781
Case093,Traer informacion estudiante - banner,2021-02-14 04:32:46.958398,2021-02-14 04:32:46.958398
Case093,Visto Bueno Cierre Proceso,2021-02-14 13:16:44.417009,2021-02-15 03:14:25.431375
Case093,Avanzar recepcion documentos,2021-02-14 14:24:37.684636,2021-02-14 19:09:43.921523
Case094,Evaluacion curso,2021-02-14 05:56:02.975234,2021-02-14 05:56:02.975234
Case095,Evaluacion curso,2021-02-14 21:30:35.943823,2021-02-15 08:46:41.843767
Case095,Homologacion por grupo de cursos,2021-02-14 13:16:44.152827,2021-02-14 14:24:37.420454
Case095,Evaluacion curso,2021-02-14 02:08:41.512703,2021-02-14 04:32:46.694216
Case095,Validar solicitud,2021-02-14 04:32:46.694216,2021-02-14 13:16:44.152827
Case096,Visto Bueno Cierre Proceso,2021-02-14 15:23:33.925271,2021-02-14 20:54:06.485572
Case096,Notificacion estudiante cancelacion soli,2021-02-14 04:32:46.694216,2021-02-14 04:32:46.694216
Case096,Evaluacion curso,2021-02-14 13:16:44.152827,2021-02-14 17:27:43.975386
Case096,Traer informacion estudiante - banner,2021-02-15 05:21:17.802305,2021-02-16 11:55:16.758375
Case097,Avanzar recepcion documentos,2021-02-14 13:16:44.152827,2021-02-14 13:16:44.152827
Case097,Validar solicitud,2021-02-14 04:32:46.694216,2021-02-14 04:32:46.694216
Case097,Avanzar recepcion documentos,2021-02-14 14:24:37.420454,2021-02-15 07:07:02.427397
Case097,Validacion final,2021-02-13 10:56:32.820458,2021-02-15 01:37:20.182976
Case098,Homologacion por grupo de cursos,2021-02-14 21:32:15.480599,2021-02-14 21:32:15.480599
Case098,Traer informacion estudiante - banner,2021-02-14 04:32:46.694216,2021-02-14 04:32:46.694216
Case098,Visto Bueno Cierre Proceso,2021-02-14 13:16:44.152827,2021-02-15 03:14:25.167193
Case098,Avanzar recepcion documentos,2021-02-14 14:24:37.420454,2021-02-14 19:09:43.657341
Case099,Evaluacion curso,2021-02-14 05:56:02.711052,2021-02-14 05:56:02.711052
Case100,Evaluacion curso,2021-02-14 21:30:36.062890,2021-02-15 08:46:41.962834
Case100,Homologacion por grupo de cursos,2021-02-14 13:16:44.271894,2021-02-14 14:24:37.539521
Case100,Validar solicitud,2021-02-14 04:32:46.813283,2021-02-14 13:16:44.271894
Case100,Evaluacion curso,2021-02-14 02:08:41.631770,2021-02-14 04:32:46.813283
Case101,Visto Bueno Cierre Proceso,2021-02-14 15:23:34.044338,2021-02-14 20:54:06.604639
Case101,Notificacion estudiante cancelacion soli,2021-02-14 04:32:46.813283,2021-02-14 04:32:46.813283
Case101,Evaluacion curso,2021-02-14 13:16:44.271894,2021-02-14 17:27:44.094453
Case101,Traer informacion estudiante - banner,2021-02-15 05:21:17.921372,2021-02-16 11:55:16.877442
Case102,Validacion final,2021-02-13 10:56:32.939525,2021-02-15 01:37:20.302043
Case102,Validar solicitud,2021-02-14 04:32:46.813283,2021-02-14 04:32:46.813283
Case102,Avanzar recepcion documentos,2021-02-14 13:16:44.271894,2021-02-14 13:16:44.271894
Case102,Avanzar recepcion documentos,2021-02-14 14:24:37.539521,2021-02-15 07:07:02.546464
Case103,Visto Bueno Cierre Proceso,2021-02-14 13:16:44.271894,2021-02-15 03:14:25.286260
Case103,Traer informacion estudiante - banner,2021-02-14 04:32:46.813283,2021-02-14 04:32:46.813283
Case103,Avanzar recepcion documentos,2021-02-14 14:24:37.539521,2021-02-14 19:09:43.776408
Case103,Homologacion por grupo de cursos,2021-02-14 21:32:15.599666,2021-02-14 21:32:15.599666
Case104,Evaluacion curso,2021-02-14 05:56:02.830119,2021-02-14 05:56:02.830119
Case105,Evaluacion curso,2021-02-14 02:08:41.661070,2021-02-14 04:32:46.842583
Case105,Validar solicitud,2021-02-14 04:32:46.842583,2021-02-14 13:16:44.301194
Case105,Homologacion por grupo de cursos,2021-02-14 13:16:44.301194,2021-02-14 14:24:37.568821
Case105,Evaluacion curso,2021-02-14 21:30:36.092190,2021-02-15 08:46:41.992134
Case106,Traer informacion estudiante - banner,2021-02-15 05:21:17.950672,2021-02-16 11:55:16.906742
Case106,Evaluacion curso,2021-02-14 13:16:44.301194,2021-02-14 17:27:44.123753
Case106,Visto Bueno Cierre Proceso,2021-02-14 15:23:34.073638,2021-02-14 20:54:06.633939
Case106,Notificacion estudiante cancelacion soli,2021-02-14 04:32:46.842583,2021-02-14 04:32:46.842583
Case107,Validacion final,2021-02-13 10:56:32.968825,2021-02-15 01:37:20.331343
Case107,Validar solicitud,2021-02-14 04:32:46.842583,2021-02-14 04:32:46.842583
Case107,Avanzar recepcion documentos,2021-02-14 13:16:44.301194,2021-02-14 13:16:44.301194
Case107,Avanzar recepcion documentos,2021-02-14 14:24:37.568821,2021-02-15 07:07:02.575764
Case108,Homologacion por grupo de cursos,2021-02-14 21:32:15.628966,2021-02-14 21:32:15.628966
Case108,Traer informacion estudiante - banner,2021-02-14 04:32:46.842583,2021-02-14 04:32:46.842583
Case108,Visto Bueno Cierre Proceso,2021-02-14 13:16:44.301194,2021-02-15 03:14:25.315560
Case108,Avanzar recepcion documentos,2021-02-14 14:24:37.568821,2021-02-14 19:09:43.805708
Case109,Evaluacion curso,2021-02-14 05:56:02.859419,2021-02-14 05:56:02.859419
Case110,Evaluacion curso,2021-02-14 02:08:42.150289,2021-02-14 04:32:47.331802
Case110,Validar solicitud,2021-02-14 04:32:47.331802,2021-02-14 13:16:44.790413
Case110,Homologacion por grupo de cursos,2021-02-14 13:16:44.790413,2021-02-14 14:24:38.058040
Case110,Evaluacion curso,2021-02-14 21:30:36.581409,2021-02-15 08:46:42.481353
Case111,Visto Bueno Cierre Proceso,2021-02-14 15:23:34.562857,2021-02-14 20:54:07.123158
Case111,Notificacion estudiante cancelacion soli,2021-02-14 04:32:47.331802,2021-02-14 04:32:47.331802
Case111,Evaluacion curso,2021-02-14 13:16:44.790413,2021-02-14 17:27:44.612972
Case111,Traer informacion estudiante - banner,2021-02-15 05:21:18.439891,2021-02-16 11:55:17.395961
Case112,Validar solicitud,2021-02-14 04:32:47.331802,2021-02-14 04:32:47.331802
Case112,Avanzar recepcion documentos,2021-02-14 14:24:38.058040,2021-02-15 07:07:03.064983
Case112,Avanzar recepcion documentos,2021-02-14 13:16:44.790413,2021-02-14 13:16:44.790413
Case112,Validacion final,2021-02-13 10:56:33.458044,2021-02-15 01:37:20.820562
Case113,Homologacion por grupo de cursos,2021-02-14 21:32:16.118185,2021-02-14 21:32:16.118185
Case113,Traer informacion estudiante - banner,2021-02-14 04:32:47.331802,2021-02-14 04:32:47.331802
Case113,Visto Bueno Cierre Proceso,2021-02-14 13:16:44.790413,2021-02-15 03:14:25.804779
Case113,Avanzar recepcion documentos,2021-02-14 14:24:38.058040,2021-02-14 19:09:44.294927
Case114,Evaluacion curso,2021-02-14 05:56:03.348638,2021-02-14 05:56:03.348638
Case115,Evaluacion curso,2021-02-14 21:30:36.403452,2021-02-15 08:46:42.303396
Case115,Homologacion por grupo de cursos,2021-02-14 13:16:44.612456,2021-02-14 14:24:37.880083
Case115,Validar solicitud,2021-02-14 04:32:47.153845,2021-02-14 13:16:44.612456
Case115,Evaluacion curso,2021-02-14 02:08:41.972332,2021-02-14 04:32:47.153845
Case116,Visto Bueno Cierre Proceso,2021-02-14 15:23:34.384900,2021-02-14 20:54:06.945201
Case116,Notificacion estudiante cancelacion soli,2021-02-14 04:32:47.153845,2021-02-14 04:32:47.153845
Case116,Evaluacion curso,2021-02-14 13:16:44.612456,2021-02-14 17:27:44.435015
Case116,Traer informacion estudiante - banner,2021-02-15 05:21:18.261934,2021-02-16 11:55:17.218004
Case117,Avanzar recepcion documentos,2021-02-14 13:16:44.612456,2021-02-14 13:16:44.612456
Case117,Validar solicitud,2021-02-14 04:32:47.153845,2021-02-14 04:32:47.153845
Case117,Avanzar recepcion documentos,2021-02-14 14:24:37.880083,2021-02-15 07:07:02.887026
Case117,Validacion final,2021-02-13 10:56:33.280087,2021-02-15 01:37:20.642605
Case118,Homologacion por grupo de cursos,2021-02-14 21:32:15.940228,2021-02-14 21:32:15.940228
Case118,Traer informacion estudiante - banner,2021-02-14 04:32:47.153845,2021-02-14 04:32:47.153845
Case118,Visto Bueno Cierre Proceso,2021-02-14 13:16:44.612456,2021-02-15 03:14:25.626822
Case118,Avanzar recepcion documentos,2021-02-14 14:24:37.880083,2021-02-14 19:09:44.116970
Case119,Evaluacion curso,2021-02-14 05:56:03.170681,2021-02-14 05:56:03.170681
Case120,Homologacion por grupo de cursos,2021-02-14 13:16:44.456595,2021-02-14 14:24:37.724222
Case120,Validar solicitud,2021-02-14 04:32:46.997984,2021-02-14 13:16:44.456595
Case120,Evaluacion curso,2021-02-14 21:30:36.247591,2021-02-15 08:46:42.147535
Case120,Evaluacion curso,2021-02-14 02:08:41.816471,2021-02-14 04:32:46.997984
Case121,Visto Bueno Cierre Proceso,2021-02-14 15:23:34.229039,2021-02-14 20:54:06.789340
Case121,Notificacion estudiante cancelacion soli,2021-02-14 04:32:46.997984,2021-02-14 04:32:46.997984
Case121,Evaluacion curso,2021-02-14 13:16:44.456595,2021-02-14 17:27:44.279154
Case121,Traer informacion estudiante - banner,2021-02-15 05:21:18.106073,2021-02-16 11:55:17.062143
Case122,Validacion final,2021-02-13 10:56:33.124226,2021-02-15 01:37:20.486744
Case122,Validar solicitud,2021-02-14 04:32:46.997984,2021-02-14 04:32:46.997984
Case122,Avanzar recepcion documentos,2021-02-14 13:16:44.456595,2021-02-14 13:16:44.456595
Case122,Avanzar recepcion documentos,2021-02-14 14:24:37.724222,2021-02-15 07:07:02.731165
Case123,Avanzar recepcion documentos,2021-02-14 14:24:37.724222,2021-02-14 19:09:43.961109
Case123,Visto Bueno Cierre Proceso,2021-02-14 13:16:44.456595,2021-02-15 03:14:25.470961
Case123,Homologacion por grupo de cursos,2021-02-14 21:32:15.784367,2021-02-14 21:32:15.784367
Case123,Traer informacion estudiante - banner,2021-02-14 04:32:46.997984,2021-02-14 04:32:46.997984
Case124,Evaluacion curso,2021-02-14 05:56:03.014820,2021-02-14 05:56:03.014820
Case125,Evaluacion curso,2021-02-14 02:08:41.763212,2021-02-14 04:32:46.944725
Case125,Validar solicitud,2021-02-14 04:32:46.944725,2021-02-14 13:16:44.403336
Case125,Homologacion por grupo de cursos,2021-02-14 13:16:44.403336,2021-02-14 14:24:37.670963
Case125,Evaluacion curso,2021-02-14 21:30:36.194332,2021-02-15 08:46:42.094276
Case126,Evaluacion curso,2021-02-14 13:16:44.403336,2021-02-14 17:27:44.225895
Case126,Notificacion estudiante cancelacion soli,2021-02-14 04:32:46.944725,2021-02-14 04:32:46.944725
Case126,Traer informacion estudiante - banner,2021-02-15 05:21:18.052814,2021-02-16 11:55:17.008884
Case126,Visto Bueno Cierre Proceso,2021-02-14 15:23:34.175780,2021-02-14 20:54:06.736081
Case127,Validacion final,2021-02-13 10:56:33.070967,2021-02-15 01:37:20.433485
Case127,Validar solicitud,2021-02-14 04:32:46.944725,2021-02-14 04:32:46.944725
Case127,Avanzar recepcion documentos,2021-02-14 13:16:44.403336,2021-02-14 13:16:44.403336
Case127,Avanzar recepcion documentos,2021-02-14 14:24:37.670963,2021-02-15 07:07:02.677906
Case128,Homologacion por grupo de cursos,2021-02-14 21:32:15.731108,2021-02-14 21:32:15.731108
Case128,Traer informacion estudiante - banner,2021-02-14 04:32:46.944725,2021-02-14 04:32:46.944725
Case128,Visto Bueno Cierre Proceso,2021-02-14 13:16:44.403336,2021-02-15 03:14:25.417702
Case128,Avanzar recepcion documentos,2021-02-14 14:24:37.670963,2021-02-14 19:09:43.907850
Case129,Evaluacion curso,2021-02-14 05:56:02.961561,2021-02-14 05:56:02.961561
Case130,Evaluacion curso,2021-02-14 02:08:41.679966,2021-02-14 04:32:46.861479
Case130,Validar solicitud,2021-02-14 04:32:46.861479,2021-02-14 13:16:44.320090
Case130,Homologacion por grupo de cursos,2021-02-14 13:16:44.320090,2021-02-14 14:24:37.587717
Case130,Evaluacion curso,2021-02-14 21:30:36.111086,2021-02-15 08:46:42.011030
Case131,Visto Bueno Cierre Proceso,2021-02-14 15:23:34.092534,2021-02-14 20:54:06.652835
Case131,Notificacion estudiante cancelacion soli,2021-02-14 04:32:46.861479,2021-02-14 04:32:46.861479
Case131,Evaluacion curso,2021-02-14 13:16:44.320090,2021-02-14 17:27:44.142649
Case131,Traer informacion estudiante - banner,2021-02-15 05:21:17.969568,2021-02-16 11:55:16.925638
Case132,Avanzar recepcion documentos,2021-02-14 14:24:37.587717,2021-02-15 07:07:02.594660
Case132,Avanzar recepcion documentos,2021-02-14 13:16:44.320090,2021-02-14 13:16:44.320090
Case132,Validar solicitud,2021-02-14 04:32:46.861479,2021-02-14 04:32:46.861479
Case132,Validacion final,2021-02-13 10:56:32.987721,2021-02-15 01:37:20.350239
Case133,Homologacion por grupo de cursos,2021-02-14 21:32:15.647862,2021-02-14 21:32:15.647862
Case133,Traer informacion estudiante - banner,2021-02-14 04:32:46.861479,2021-02-14 04:32:46.861479
Case133,Visto Bueno Cierre Proceso,2021-02-14 13:16:44.320090,2021-02-15 03:14:25.334456
Case133,Avanzar recepcion documentos,2021-02-14 14:24:37.587717,2021-02-14 19:09:43.824604
Case134,Evaluacion curso,2021-02-14 05:56:02.878315,2021-02-14 05:56:02.878315
Case135,Evaluacion curso,2021-02-14 21:30:36.469668,2021-02-15 08:46:42.369612
Case135,Homologacion por grupo de cursos,2021-02-14 13:16:44.678672,2021-02-14 14:24:37.946299
Case135,Validar solicitud,2021-02-14 04:32:47.220061,2021-02-14 13:16:44.678672
Case135,Evaluacion curso,2021-02-14 02:08:42.038548,2021-02-14 04:32:47.220061
Case136,Visto Bueno Cierre Proceso,2021-02-14 15:23:34.451116,2021-02-14 20:54:07.011417
Case136,Notificacion estudiante cancelacion soli,2021-02-14 04:32:47.220061,2021-02-14 04:32:47.220061
Case136,Evaluacion curso,2021-02-14 13:16:44.678672,2021-02-14 17:27:44.501231
Case136,Traer informacion estudiante - banner,2021-02-15 05:21:18.328150,2021-02-16 11:55:17.284220
Case137,Validacion final,2021-02-13 10:56:33.346303,2021-02-15 01:37:20.708821
Case137,Validar solicitud,2021-02-14 04:32:47.220061,2021-02-14 04:32:47.220061
Case137,Avanzar recepcion documentos,2021-02-14 13:16:44.678672,2021-02-14 13:16:44.678672
Case137,Avanzar recepcion documentos,2021-02-14 14:24:37.946299,2021-02-15 07:07:02.953242
Case138,Avanzar recepcion documentos,2021-02-14 14:24:37.946299,2021-02-14 19:09:44.183186
Case138,Visto Bueno Cierre Proceso,2021-02-14 13:16:44.678672,2021-02-15 03:14:25.693038
Case138,Homologacion por grupo de cursos,2021-02-14 21:32:16.006444,2021-02-14 21:32:16.006444
Case138,Traer informacion estudiante - banner,2021-02-14 04:32:47.220061,2021-02-14 04:32:47.220061
Case139,Evaluacion curso,2021-02-14 05:56:03.236897,2021-02-14 05:56:03.236897
Case140,Evaluacion curso,2021-02-14 02:08:41.767650,2021-02-14 04:32:46.949163
Case140,Validar solicitud,2021-02-14 04:32:46.949163,2021-02-14 13:16:44.407774
Case140,Homologacion por grupo de cursos,2021-02-14 13:16:44.407774,2021-02-14 14:24:37.675401
Case140,Evaluacion curso,2021-02-14 21:30:36.198770,2021-02-15 08:46:42.098714
Case141,Traer informacion estudiante - banner,2021-02-15 05:21:18.057252,2021-02-16 11:55:17.013322
Case141,Evaluacion curso,2021-02-14 13:16:44.407774,2021-02-14 17:27:44.230333
Case141,Notificacion estudiante cancelacion soli,2021-02-14 04:32:46.949163,2021-02-14 04:32:46.949163
Case141,Visto Bueno Cierre Proceso,2021-02-14 15:23:34.180218,2021-02-14 20:54:06.740519
Case142,Validacion final,2021-02-13 10:56:33.075405,2021-02-15 01:37:20.437923
Case142,Validar solicitud,2021-02-14 04:32:46.949163,2021-02-14 04:32:46.949163
Case142,Avanzar recepcion documentos,2021-02-14 13:16:44.407774,2021-02-14 13:16:44.407774
Case142,Avanzar recepcion documentos,2021-02-14 14:24:37.675401,2021-02-15 07:07:02.682344
Case143,Homologacion por grupo de cursos,2021-02-14 21:32:15.735546,2021-02-14 21:32:15.735546
Case143,Traer informacion estudiante - banner,2021-02-14 04:32:46.949163,2021-02-14 04:32:46.949163
Case143,Visto Bueno Cierre Proceso,2021-02-14 13:16:44.407774,2021-02-15 03:14:25.422140
Case143,Avanzar recepcion documentos,2021-02-14 14:24:37.675401,2021-02-14 19:09:43.912288
Case144,Evaluacion curso,2021-02-14 05:56:02.965999,2021-02-14 05:56:02.965999
Case145,Evaluacion curso,2021-02-14 02:08:41.842359,2021-02-14 04:32:47.023872
Case145,Validar solicitud,2021-02-14 04:32:47.023872,2021-02-14 13:16:44.482483
Case145,Homologacion por grupo de cursos,2021-02-14 13:16:44.482483,2021-02-14 14:24:37.750110
Case145,Evaluacion curso,2021-02-14 21:30:36.273479,2021-02-15 08:46:42.173423
Case146,Visto Bueno Cierre Proceso,2021-02-14 15:23:34.254927,2021-02-14 20:54:06.815228
Case146,Notificacion estudiante cancelacion soli,2021-02-14 04:32:47.023872,2021-02-14 04:32:47.023872
Case146,Evaluacion curso,2021-02-14 13:16:44.482483,2021-02-14 17:27:44.305042
Case146,Traer informacion estudiante - banner,2021-02-15 05:21:18.131961,2021-02-16 11:55:17.088031
Case147,Avanzar recepcion documentos,2021-02-14 14:24:37.750110,2021-02-15 07:07:02.757053
Case147,Avanzar recepcion documentos,2021-02-14 13:16:44.482483,2021-02-14 13:16:44.482483
Case147,Validar solicitud,2021-02-14 04:32:47.023872,2021-02-14 04:32:47.023872
Case147,Validacion final,2021-02-13 10:56:33.150114,2021-02-15 01:37:20.512632
Case148,Homologacion por grupo de cursos,2021-02-14 21:32:15.810255,2021-02-14 21:32:15.810255
Case148,Traer informacion estudiante - banner,2021-02-14 04:32:47.023872,2021-02-14 04:32:47.023872
Case148,Visto Bueno Cierre Proceso,2021-02-14 13:16:44.482483,2021-02-15 03:14:25.496849
Case148,Avanzar recepcion documentos,2021-02-14 14:24:37.750110,2021-02-14 19:09:43.986997
Case149,Evaluacion curso,2021-02-14 05:56:03.040708,2021-02-14 05:56:03.040708
Case150,Evaluacion curso,2021-02-14 21:30:36.579644,2021-02-15 08:46:42.479588
Case150,Homologacion por grupo de cursos,2021-02-14 13:16:44.788648,2021-02-14 14:24:38.056275
Case150,Evaluacion curso,2021-02-14 02:08:42.148524,2021-02-14 04:32:47.330037
Case150,Validar solicitud,2021-02-14 04:32:47.330037,2021-02-14 13:16:44.788648
Case151,Visto Bueno Cierre Proceso,2021-02-14 15:23:34.561092,2021-02-14 20:54:07.121393
Case151,Notificacion estudiante cancelacion soli,2021-02-14 04:32:47.330037,2021-02-14 04:32:47.330037
Case151,Evaluacion curso,2021-02-14 13:16:44.788648,2021-02-14 17:27:44.611207
Case151,Traer informacion estudiante - banner,2021-02-15 05:21:18.438126,2021-02-16 11:55:17.394196
Case152,Validacion final,2021-02-13 10:56:33.456279,2021-02-15 01:37:20.818797
Case152,Validar solicitud,2021-02-14 04:32:47.330037,2021-02-14 04:32:47.330037
Case152,Avanzar recepcion documentos,2021-02-14 13:16:44.788648,2021-02-14 13:16:44.788648
Case152,Avanzar recepcion documentos,2021-02-14 14:24:38.056275,2021-02-15 07:07:03.063218
Case153,Avanzar recepcion documentos,2021-02-14 14:24:38.056275,2021-02-14 19:09:44.293162
Case153,Visto Bueno Cierre Proceso,2021-02-14 13:16:44.788648,2021-02-15 03:14:25.803014
Case153,Homologacion por grupo de cursos,2021-02-14 21:32:16.116420,2021-02-14 21:32:16.116420
Case153,Traer informacion estudiante - banner,2021-02-14 04:32:47.330037,2021-02-14 04:32:47.330037
Case154,Evaluacion curso,2021-02-14 05:56:03.346873,2021-02-14 05:56:03.346873
Case155,Evaluacion curso,2021-02-14 02:08:42.019689,2021-02-14 04:32:47.201202
Case155,Validar solicitud,2021-02-14 04:32:47.201202,2021-02-14 13:16:44.659813
Case155,Homologacion por grupo de cursos,2021-02-14 13:16:44.659813,2021-02-14 14:24:37.927440
Case155,Evaluacion curso,2021-02-14 21:30:36.450809,2021-02-15 08:46:42.350753
Case156,Traer informacion estudiante - banner,2021-02-15 05:21:18.309291,2021-02-16 11:55:17.265361
Case156,Evaluacion curso,2021-02-14 13:16:44.659813,2021-02-14 17:27:44.482372
Case156,Visto Bueno Cierre Proceso,2021-02-14 15:23:34.432257,2021-02-14 20:54:06.992558
Case156,Notificacion estudiante cancelacion soli,2021-02-14 04:32:47.201202,2021-02-14 04:32:47.201202
Case157,Validacion final,2021-02-13 10:56:33.327444,2021-02-15 01:37:20.689962
Case157,Validar solicitud,2021-02-14 04:32:47.201202,2021-02-14 04:32:47.201202
Case157,Avanzar recepcion documentos,2021-02-14 13:16:44.659813,2021-02-14 13:16:44.659813
Case157,Avanzar recepcion documentos,2021-02-14 14:24:37.927440,2021-02-15 07:07:02.934383
Case158,Visto Bueno Cierre Proceso,2021-02-14 13:16:44.659813,2021-02-15 03:14:25.674179
Case158,Traer informacion estudiante - banner,2021-02-14 04:32:47.201202,2021-02-14 04:32:47.201202
Case158,Avanzar recepcion documentos,2021-02-14 14:24:37.927440,2021-02-14 19:09:44.164327
Case158,Homologacion por grupo de cursos,2021-02-14 21:32:15.987585,2021-02-14 21:32:15.987585
Case159,Evaluacion curso,2021-02-14 05:56:03.218038,2021-02-14 05:56:03.218038
Case160,Evaluacion curso,2021-02-14 02:08:42.144009,2021-02-14 04:32:47.325522
Case160,Validar solicitud,2021-02-14 04:32:47.325522,2021-02-14 13:16:44.784133
Case160,Homologacion por grupo de cursos,2021-02-14 13:16:44.784133,2021-02-14 14:24:38.051760
Case160,Evaluacion curso,2021-02-14 21:30:36.575129,2021-02-15 08:46:42.475073
Case161,Evaluacion curso,2021-02-14 13:16:44.784133,2021-02-14 17:27:44.606692
Case161,Traer informacion estudiante - banner,2021-02-15 05:21:18.433611,2021-02-16 11:55:17.389681
Case161,Notificacion estudiante cancelacion soli,2021-02-14 04:32:47.325522,2021-02-14 04:32:47.325522
Case161,Visto Bueno Cierre Proceso,2021-02-14 15:23:34.556577,2021-02-14 20:54:07.116878
Case162,Validacion final,2021-02-13 10:56:33.451764,2021-02-15 01:37:20.814282
Case162,Validar solicitud,2021-02-14 04:32:47.325522,2021-02-14 04:32:47.325522
Case162,Avanzar recepcion documentos,2021-02-14 13:16:44.784133,2021-02-14 13:16:44.784133
Case162,Avanzar recepcion documentos,2021-02-14 14:24:38.051760,2021-02-15 07:07:03.058703
Case163,Homologacion por grupo de cursos,2021-02-14 21:32:16.111905,2021-02-14 21:32:16.111905
Case163,Traer informacion estudiante - banner,2021-02-14 04:32:47.325522,2021-02-14 04:32:47.325522
Case163,Visto Bueno Cierre Proceso,2021-02-14 13:16:44.784133,2021-02-15 03:14:25.798499
Case163,Avanzar recepcion documentos,2021-02-14 14:24:38.051760,2021-02-14 19:09:44.288647
Case164,Evaluacion curso,2021-02-14 05:56:03.342358,2021-02-14 05:56:03.342358
Case165,Evaluacion curso,2021-02-14 02:08:42.157337,2021-02-14 04:32:47.338850
Case165,Validar solicitud,2021-02-14 04:32:47.338850,2021-02-14 13:16:44.797461
Case165,Homologacion por grupo de cursos,2021-02-14 13:16:44.797461,2021-02-14 14:24:38.065088
Case165,Evaluacion curso,2021-02-14 21:30:36.588457,2021-02-15 08:46:42.488401
Case166,Visto Bueno Cierre Proceso,2021-02-14 15:23:34.569905,2021-02-14 20:54:07.130206
Case166,Notificacion estudiante cancelacion soli,2021-02-14 04:32:47.338850,2021-02-14 04:32:47.338850
Case166,Evaluacion curso,2021-02-14 13:16:44.797461,2021-02-14 17:27:44.620020
Case166,Traer informacion estudiante - banner,2021-02-15 05:21:18.446939,2021-02-16 11:55:17.403009
Case167,Avanzar recepcion documentos,2021-02-14 14:24:38.065088,2021-02-15 07:07:03.072031
Case167,Avanzar recepcion documentos,2021-02-14 13:16:44.797461,2021-02-14 13:16:44.797461
Case167,Validacion final,2021-02-13 10:56:33.465092,2021-02-15 01:37:20.827610
Case167,Validar solicitud,2021-02-14 04:32:47.338850,2021-02-14 04:32:47.338850
Case168,Homologacion por grupo de cursos,2021-02-14 21:32:16.125233,2021-02-14 21:32:16.125233
Case168,Traer informacion estudiante - banner,2021-02-14 04:32:47.338850,2021-02-14 04:32:47.338850
Case168,Visto Bueno Cierre Proceso,2021-02-14 13:16:44.797461,2021-02-15 03:14:25.811827
Case168,Avanzar recepcion documentos,2021-02-14 14:24:38.065088,2021-02-14 19:09:44.301975
Case169,Evaluacion curso,2021-02-14 05:56:03.355686,2021-02-14 05:56:03.355686
Case170,Evaluacion curso,2021-02-14 21:30:36.751312,2021-02-15 08:46:42.651256
Case170,Homologacion por grupo de cursos,2021-02-14 13:16:44.960316,2021-02-14 14:24:38.227943
Case170,Evaluacion curso,2021-02-14 02:08:42.320192,2021-02-14 04:32:47.501705
Case170,Validar solicitud,2021-02-14 04:32:47.501705,2021-02-14 13:16:44.960316
Case171,Visto Bueno Cierre Proceso,2021-02-14 15:23:34.732760,2021-02-14 20:54:07.293061
Case171,Notificacion estudiante cancelacion soli,2021-02-14 04:32:47.501705,2021-02-14 04:32:47.501705
Case171,Evaluacion curso,2021-02-14 13:16:44.960316,2021-02-14 17:27:44.782875
Case171,Traer informacion estudiante - banner,2021-02-15 05:21:18.609794,2021-02-16 11:55:17.565864
Case172,Avanzar recepcion documentos,2021-02-14 13:16:44.960316,2021-02-14 13:16:44.960316
Case172,Avanzar recepcion documentos,2021-02-14 14:24:38.227943,2021-02-15 07:07:03.234886
Case172,Validar solicitud,2021-02-14 04:32:47.501705,2021-02-14 04:32:47.501705
Case172,Validacion final,2021-02-13 10:56:33.627947,2021-02-15 01:37:20.990465
Case173,Homologacion por grupo de cursos,2021-02-14 21:32:16.288088,2021-02-14 21:32:16.288088
Case173,Traer informacion estudiante - banner,2021-02-14 04:32:47.501705,2021-02-14 04:32:47.501705
Case173,Visto Bueno Cierre Proceso,2021-02-14 13:16:44.960316,2021-02-15 03:14:25.974682
Case173,Avanzar recepcion documentos,2021-02-14 14:24:38.227943,2021-02-14 19:09:44.464830
Case174,Evaluacion curso,2021-02-14 05:56:03.518541,2021-02-14 05:56:03.518541
Case175,Evaluacion curso,2021-02-14 21:30:36.569957,2021-02-15 08:46:42.469901
Case175,Homologacion por grupo de cursos,2021-02-14 13:16:44.778961,2021-02-14 14:24:38.046588
Case175,Evaluacion curso,2021-02-14 02:08:42.138837,2021-02-14 04:32:47.320350
Case175,Validar solicitud,2021-02-14 04:32:47.320350,2021-02-14 13:16:44.778961
Case176,Visto Bueno Cierre Proceso,2021-02-14 15:23:34.551405,2021-02-14 20:54:07.111706
Case176,Notificacion estudiante cancelacion soli,2021-02-14 04:32:47.320350,2021-02-14 04:32:47.320350
Case176,Evaluacion curso,2021-02-14 13:16:44.778961,2021-02-14 17:27:44.601520
Case176,Traer informacion estudiante - banner,2021-02-15 05:21:18.428439,2021-02-16 11:55:17.384509
Case177,Avanzar recepcion documentos,2021-02-14 13:16:44.778961,2021-02-14 13:16:44.778961
Case177,Validar solicitud,2021-02-14 04:32:47.320350,2021-02-14 04:32:47.320350
Case177,Avanzar recepcion documentos,2021-02-14 14:24:38.046588,2021-02-15 07:07:03.053531
Case177,Validacion final,2021-02-13 10:56:33.446592,2021-02-15 01:37:20.809110
Case178,Homologacion por grupo de cursos,2021-02-14 21:32:16.106733,2021-02-14 21:32:16.106733
Case178,Traer informacion estudiante - banner,2021-02-14 04:32:47.320350,2021-02-14 04:32:47.320350
Case178,Visto Bueno Cierre Proceso,2021-02-14 13:16:44.778961,2021-02-15 03:14:25.793327
Case178,Avanzar recepcion documentos,2021-02-14 14:24:38.046588,2021-02-14 19:09:44.283475
Case179,Evaluacion curso,2021-02-14 05:56:03.337186,2021-02-14 05:56:03.337186
Case180,Evaluacion curso,2021-02-14 21:30:36.431880,2021-02-15 08:46:42.331824
Case180,Homologacion por grupo de cursos,2021-02-14 13:16:44.640884,2021-02-14 14:24:37.908511
Case180,Evaluacion curso,2021-02-14 02:08:42.000760,2021-02-14 04:32:47.182273
Case180,Validar solicitud,2021-02-14 04:32:47.182273,2021-02-14 13:16:44.640884
