caseid,task,resource,role,end_timestamp,pr_instances,tsk_start_inst,rp_start_oc,start_timestamp
Case1,Turning & Milling Q.C.,res_8f713aa5-4efd-4aee-b5b5-649d4b986ccb,Role 3,2012-03-13 06:15:00,12,0,0.0,2012-03-13 01:54:47
Case2,Rework Milling,res_b007de83-5232-4f9e-9b4f-6bb08c6bebb3,Role 1,2012-03-13 07:20:33,13,0,0.0,2012-03-13 02:53:18
Case3,Rework Milling,res_4a32870b-4cee-4b85-a747-55bd26e9be82,Role 1,2012-03-13 07:22:54,14,1,0.09090909090909091,2012-03-13 03:14:16
Case4,Turning & Milling Q.C.,res_73988677-dc11-4ae5-9c31-77479e3ea587,Role 3,2012-03-13 08:56:26,15,1,0.3333333333333333,2012-03-13 05:35:53
Case5,Turning & Milling,res_d042ca45-3d9c-43c8-9eea-5411bf41e5a4,Role 1,2012-03-13 10:09:33,16,1,0.18181818181818182,2012-03-13 06:20:09
Case6,Turning & Milling,res_73988677-dc11-4ae5-9c31-77479e3ea587,Role 1,2012-03-13 11:05:05,17,2,0.18181818181818182,2012-03-13 07:22:42
Case7,Rework Milling,res_5cecbf59-45e2-4da1-a538-5b1cef8d50dd,Role 1,2012-03-13 11:59:54,18,0,0.18181818181818182,2012-03-13 08:15:15
Case8,Turning & Milling,res_1c08f76d-2d70-4110-b8dd-ad1be9a6c039,Role 1,2012-03-13 13:09:01,19,3,0.2727272727272727,2012-03-13 09:46:46
Case1,Round Grinding,res_1c08f76d-2d70-4110-b8dd-ad1be9a6c039,Role 2,2012-03-13 13:16:57,18,0,0.0,2012-03-13 09:43:13
Case3,Change Version,res_1c08f76d-2d70-4110-b8dd-ad1be9a6c039,Role 1,2012-03-13 13:27:29,20,1,0.45454545454545453,2012-03-13 10:54:36
Case9,Turning & Milling,res_2d2ac203-d6f3-4de3-94f0-909ceaf04e1f,Role 1,2012-03-13 13:35:11,20,3,0.2727272727272727,2012-03-13 10:14:35
Case2,Change Version,res_2d2ac203-d6f3-4de3-94f0-909ceaf04e1f,Role 1,2012-03-13 13:51:06,20,0,0.36363636363636365,2012-03-13 10:53:56
Case4,Turning & Milling,res_22f26569-be4b-4edd-99b5-31dd5af65187,Role 1,2012-03-13 14:24:44,21,3,0.45454545454545453,2012-03-13 12:25:06
Case10,Rework Milling,res_22f26569-be4b-4edd-99b5-31dd5af65187,Role 1,2012-03-13 14:37:59,21,1,0.45454545454545453,2012-03-13 11:38:24
Case5,Laser Marking,res_7e4566c0-0439-4704-a72a-a3785057d513,Role 4,2012-03-13 16:36:15,21,0,0.0,2012-03-13 13:30:36
Case6,Laser Marking,res_7e4566c0-0439-4704-a72a-a3785057d513,Role 4,2012-03-13 16:37:15,22,1,0.5,2012-03-13 14:21:39
Case11,Rework Milling,res_87e31b04-3929-41e7-a829-8ba8e2c9f414,Role 1,2012-03-13 17:20:28,22,1,0.18181818181818182,2012-03-13 13:57:16
Case7,Turning,res_87e31b04-3929-41e7-a829-8ba8e2c9f414,Role 1,2012-03-13 17:57:39,23,0,0.18181818181818182,2012-03-13 15:21:10
Case12,Turning & Milling,res_22f26569-be4b-4edd-99b5-31dd5af65187,Role 1,2012-03-13 18:16:12,23,1,0.09090909090909091,2012-03-13 14:42:29
Case8,Turning & Milling,res_22f26569-be4b-4edd-99b5-31dd5af65187,Role 1,2012-03-13 18:35:30,23,2,0.2727272727272727,2012-03-13 16:24:37
Case3,Final Inspection Q.C.,res_22f26569-be4b-4edd-99b5-31dd5af65187,Role 3,2012-03-13 18:41:46,24,0,0.3333333333333333,2012-03-13 17:10:38
Case2,Final Inspection Q.C.,res_22f26569-be4b-4edd-99b5-31dd5af65187,Role 3,2012-03-13 18:57:55,25,1,0.6666666666666666,2012-03-13 17:34:47
Case9,Turning & Milling Q.C.,res_22f26569-be4b-4edd-99b5-31dd5af65187,Role 3,2012-03-13 19:14:44,23,0,0.0,2012-03-13 16:50:46
Case4,Laser Marking,res_22f26569-be4b-4edd-99b5-31dd5af65187,Role 4,2012-03-13 19:25:28,26,0,0.5,2012-03-13 18:03:34
Case1,Lapping,res_22f26569-be4b-4edd-99b5-31dd5af65187,Role 4,2012-03-13 19:33:54,24,0,0.0,2012-03-13 17:04:22
Case10,Change Version,res_22f26569-be4b-4edd-99b5-31dd5af65187,Role 1,2012-03-13 19:54:45,26,0,0.45454545454545453,2012-03-13 18:03:03
Case13,Milling Q.C.,res_22f26569-be4b-4edd-99b5-31dd5af65187,Role 1,2012-03-13 19:56:09,24,0,0.36363636363636365,2012-03-13 16:57:52
Case14,Rework Milling,res_22f26569-be4b-4edd-99b5-31dd5af65187,Role 1,2012-03-13 20:26:07,25,0,0.36363636363636365,2012-03-13 17:27:13
Case15,Rework Milling,res_68ac4a46-f24e-4c3b-bac3-753555239f84,Role 1,2012-03-13 20:56:30,26,1,0.36363636363636365,2012-03-13 18:02:27
Case6,Flat Grinding,res_5cecbf59-45e2-4da1-a538-5b1cef8d50dd,Role 4,2012-03-13 21:55:36,26,1,0.5,2012-03-13 20:27:36
Case5,Flat Grinding,res_cd04d8b5-e40c-453d-9a70-14c368c70ca1,Role 4,2012-03-13 22:35:11,26,0,0.0,2012-03-13 20:23:37
Case11,Turning,res_e31b2435-9e98-457f-8f33-47473e79c2da,Role 1,2012-03-13 22:58:22,26,0,0.09090909090909091,2012-03-13 20:38:41
Case7,Turning Q.C.,res_0d9a52f0-786b-49e7-aa81-71e203dd1a86,Role 1,2012-03-13 23:22:22,26,0,0.18181818181818182,2012-03-13 21:41:58
Case8,Milling,res_c4379a81-0314-4a13-8452-3119a824cd65,Role 1,2012-03-13 23:38:44,26,0,0.2727272727272727,2012-03-13 22:13:59
Case12,Turning,res_c4379a81-0314-4a13-8452-3119a824cd65,Role 1,2012-03-13 23:48:29,26,1,0.09090909090909091,2012-03-13 21:29:59
Case3,Grinding Rework,res_87e31b04-3929-41e7-a829-8ba8e2c9f414,Role 2,2012-03-14 00:15:41,26,0,0.0,2012-03-13 23:01:54
Case2,Round Grinding,res_87e31b04-3929-41e7-a829-8ba8e2c9f414,Role 2,2012-03-14 00:17:07,27,0,0.14285714285714285,2012-03-13 23:06:40
Case9,Turn & Mill. & Screw Assem,res_87e31b04-3929-41e7-a829-8ba8e2c9f414,Role 1,2012-03-14 00:17:49,26,0,0.36363636363636365,2012-03-13 22:53:50
Case4,Final Inspection Q.C.,res_87e31b04-3929-41e7-a829-8ba8e2c9f414,Role 3,2012-03-14 00:41:32,27,0,0.0,2012-03-13 23:29:43
Case1,Turning Rework,res_87e31b04-3929-41e7-a829-8ba8e2c9f414,Role 1,2012-03-14 00:47:03,27,0,0.36363636363636365,2012-03-13 23:23:03
Case10,Final Inspection Q.C.,res_87e31b04-3929-41e7-a829-8ba8e2c9f414,Role 3,2012-03-14 00:51:54,27,1,0.3333333333333333,2012-03-13 23:33:33
Case14,Turning & Milling Q.C.,res_87e31b04-3929-41e7-a829-8ba8e2c9f414,Role 3,2012-03-14 01:05:51,27,0,0.6666666666666666,2012-03-13 23:36:57
Case13,Packing,res_87e31b04-3929-41e7-a829-8ba8e2c9f414,Role 5,2012-03-14 01:06:50,26,0,0.0,2012-03-13 22:56:04
Case16,Rework Milling,res_5cecbf59-45e2-4da1-a538-5b1cef8d50dd,Role 1,2012-03-14 01:49:45,27,0,0.36363636363636365,2012-03-13 23:04:01
Case15,Turning & Milling Q.C.,res_5cecbf59-45e2-4da1-a538-5b1cef8d50dd,Role 3,2012-03-14 02:05:42,27,1,1.0,2012-03-14 00:07:20
Case6,Lapping,res_cd04d8b5-e40c-453d-9a70-14c368c70ca1,Role 4,2012-03-14 04:23:52,27,0,0.0,2012-03-14 02:27:52
Case11,Turning Q.C.,res_8f713aa5-4efd-4aee-b5b5-649d4b986ccb,Role 1,2012-03-14 05:07:19,28,0,0.18181818181818182,2012-03-14 02:43:18
Case5,Laser Marking,res_87e31b04-3929-41e7-a829-8ba8e2c9f414,Role 4,2012-03-14 05:14:59,28,0,0.5,2012-03-14 02:59:04
Case7,Turning & Milling,res_2d2ac203-d6f3-4de3-94f0-909ceaf04e1f,Role 1,2012-03-14 05:24:29,29,3,0.45454545454545453,2012-03-14 03:43:48
Case8,Final Inspection Q.C.,res_accf405a-ba18-418f-b085-6c775d22fe20,Role 3,2012-03-14 05:33:40,29,0,0.0,2012-03-14 03:58:00
Case12,Turning Q.C.,res_accf405a-ba18-418f-b085-6c775d22fe20,Role 1,2012-03-14 05:42:57,29,1,0.36363636363636365,2012-03-14 03:33:42
Case17,Rework Milling,res_accf405a-ba18-418f-b085-6c775d22fe20,Role 1,2012-03-14 06:04:54,27,1,0.09090909090909091,2012-03-14 01:26:35
Case9,Turning & Milling Q.C.,res_c4379a81-0314-4a13-8452-3119a824cd65,Role 3,2012-03-14 06:15:02,30,0,0.6666666666666666,2012-03-14 04:49:25
Case2,Packing,res_4a32870b-4cee-4b85-a747-55bd26e9be82,Role 5,2012-03-14 06:31:42,30,0,0.0,2012-03-14 05:00:52
Case3,Final Inspection Q.C.,res_4a32870b-4cee-4b85-a747-55bd26e9be82,Role 3,2012-03-14 06:32:00,30,2,1.0,2012-03-14 05:14:47
Case14,Nitration Q.C.,res_4a32870b-4cee-4b85-a747-55bd26e9be82,Role 3,2012-03-14 06:34:41,30,0,1.0,2012-03-14 05:05:12
Case13,Final Inspection Q.C.,res_4a32870b-4cee-4b85-a747-55bd26e9be82,Role 3,2012-03-14 06:54:38,30,1,0.3333333333333333,2012-03-14 04:49:24
Case4,Grinding Rework,res_4a32870b-4cee-4b85-a747-55bd26e9be82,Role 2,2012-03-14 06:59:05,30,0,0.0,2012-03-14 05:32:21
Case1,Lapping,res_4a32870b-4cee-4b85-a747-55bd26e9be82,Role 4,2012-03-14 07:13:18,30,0,0.0,2012-03-14 05:20:39
Case18,Turning & Milling,res_4a32870b-4cee-4b85-a747-55bd26e9be82,Role 1,2012-03-14 07:18:59,28,1,0.09090909090909091,2012-03-14 02:43:13
Case19,Turning & Milling,res_d042ca45-3d9c-43c8-9eea-5411bf41e5a4,Role 1,2012-03-14 07:30:05,29,2,0.2727272727272727,2012-03-14 03:21:59
Case20,Turning & Milling,res_d042ca45-3d9c-43c8-9eea-5411bf41e5a4,Role 1,2012-03-14 07:33:26,30,4,0.5454545454545454,2012-03-14 04:04:43
Case16,Change Version,res_d042ca45-3d9c-43c8-9eea-5411bf41e5a4,Role 1,2012-03-14 07:41:07,30,0,0.5454545454545454,2012-03-14 05:13:47
Case15,Nitration Q.C.,res_d042ca45-3d9c-43c8-9eea-5411bf41e5a4,Role 3,2012-03-14 07:48:01,30,1,1.0,2012-03-14 06:12:47
Case21,Rework Milling,res_8f713aa5-4efd-4aee-b5b5-649d4b986ccb,Role 1,2012-03-14 10:14:21,31,0,0.36363636363636365,2012-03-14 06:16:01
Case22,Turning & Milling,res_cd04d8b5-e40c-453d-9a70-14c368c70ca1,Role 1,2012-03-14 11:04:08,31,3,0.36363636363636365,2012-03-14 07:21:11
Case6,Round Grinding,res_7e4566c0-0439-4704-a72a-a3785057d513,Role 2,2012-03-14 11:36:25,32,0,0.0,2012-03-14 09:28:51
Case11,Turning & Milling,res_7e4566c0-0439-4704-a72a-a3785057d513,Role 1,2012-03-14 11:38:36,32,3,0.36363636363636365,2012-03-14 09:35:58
Case12,Turning & Milling,res_22f26569-be4b-4edd-99b5-31dd5af65187,Role 1,2012-03-14 12:08:18,33,4,0.45454545454545453,2012-03-14 10:18:58
Case7,Laser Marking,res_22f26569-be4b-4edd-99b5-31dd5af65187,Role 4,2012-03-14 12:12:52,33,0,0.0,2012-03-14 10:25:14
Case8,Grinding Rework,res_22f26569-be4b-4edd-99b5-31dd5af65187,Role 2,2012-03-14 12:15:31,33,0,0.14285714285714285,2012-03-14 10:36:32
Case5,Final Inspection Q.C.,res_22f26569-be4b-4edd-99b5-31dd5af65187,Role 3,2012-03-14 12:29:30,33,0,0.0,2012-03-14 10:13:41
Case17,Turning & Milling,res_8f713aa5-4efd-4aee-b5b5-649d4b986ccb,Role 1,2012-03-14 12:37:23,32,2,0.2727272727272727,2012-03-14 09:06:17
Case23,Rework Milling,res_d042ca45-3d9c-43c8-9eea-5411bf41e5a4,Role 1,2012-03-14 13:03:02,32,1,0.18181818181818182,2012-03-14 08:58:50
Case20,Milling,res_4a32870b-4cee-4b85-a747-55bd26e9be82,Role 1,2012-03-14 13:16:43,33,0,0.5454545454545454,2012-03-14 10:47:51
Case14,Laser Marking,res_4a32870b-4cee-4b85-a747-55bd26e9be82,Role 4,2012-03-14 13:23:54,34,2,1.0,2012-03-14 11:53:31
Case19,Laser Marking,res_4a32870b-4cee-4b85-a747-55bd26e9be82,Role 4,2012-03-14 13:29:54,33,1,0.5,2012-03-14 10:27:28
Case9,Flat Grinding,res_22f26569-be4b-4edd-99b5-31dd5af65187,Role 4,2012-03-14 13:32:06,34,0,1.0,2012-03-14 12:07:03
Case24,Rework Milling,res_22f26569-be4b-4edd-99b5-31dd5af65187,Role 1,2012-03-14 13:36:57,33,2,0.45454545454545453,2012-03-14 10:07:59
Case18,Turning & Milling Q.C.,res_22f26569-be4b-4edd-99b5-31dd5af65187,Role 3,2012-03-14 13:40:52,33,0,0.3333333333333333,2012-03-14 10:17:39
Case2,Fix,res_22f26569-be4b-4edd-99b5-31dd5af65187,Role 1,2012-03-14 13:42:21,34,0,0.5454545454545454,2012-03-14 12:01:21
Case13,Packing,res_8f713aa5-4efd-4aee-b5b5-649d4b986ccb,Role 5,2012-03-14 13:57:06,34,0,0.0,2012-03-14 11:54:07
Case16,Final Inspection Q.C.,res_8f713aa5-4efd-4aee-b5b5-649d4b986ccb,Role 3,2012-03-14 14:00:09,34,1,0.6666666666666666,2012-03-14 12:03:16
Case4,Final Inspection Q.C.,res_7e4566c0-0439-4704-a72a-a3785057d513,Role 3,2012-03-14 14:14:54,34,1,0.6666666666666666,2012-03-14 12:36:43
Case1,Final Inspection Q.C.,res_7e4566c0-0439-4704-a72a-a3785057d513,Role 3,2012-03-14 14:29:57,34,2,1.0,2012-03-14 12:48:34
Case25,Turning,res_7e4566c0-0439-4704-a72a-a3785057d513,Role 1,2012-03-14 14:52:14,34,0,0.5454545454545454,2012-03-14 11:26:53
Case15,Laser Marking,res_7e4566c0-0439-4704-a72a-a3785057d513,Role 4,2012-03-14 15:10:15,36,0,0.5,2012-03-14 13:31:00
Case22,Turning & Milling Q.C.,res_7e4566c0-0439-4704-a72a-a3785057d513,Role 3,2012-03-14 15:52:21,36,0,1.0,2012-03-14 13:51:34
Case21,Turning,res_d042ca45-3d9c-43c8-9eea-5411bf41e5a4,Role 1,2012-03-14 16:02:32,36,1,0.5454545454545454,2012-03-14 13:16:07
Case26,Rework Milling,res_cd04d8b5-e40c-453d-9a70-14c368c70ca1,Role 1,2012-03-14 16:21:51,35,2,0.45454545454545453,2012-03-14 12:59:52
Case27,Turning & Milling,res_4a32870b-4cee-4b85-a747-55bd26e9be82,Role 1,2012-03-14 16:38:00,36,1,0.45454545454545453,2012-03-14 13:10:42
Case28,Turning & Milling,res_9a761bd8-ad20-4423-a56a-3340f6278aa4,Role 1,2012-03-14 17:39:37,37,2,0.36363636363636365,2012-03-14 14:10:23
Case24,Milling Q.C.,res_cd04d8b5-e40c-453d-9a70-14c368c70ca1,Role 1,2012-03-14 18:43:12,35,0,0.36363636363636365,2012-03-14 16:10:08
Case23,Turning,res_cd04d8b5-e40c-453d-9a70-14c368c70ca1,Role 1,2012-03-14 18:54:01,35,1,0.36363636363636365,2012-03-14 16:01:47
Case11,Milling,res_cd04d8b5-e40c-453d-9a70-14c368c70ca1,Role 1,2012-03-14 18:56:24,36,0,0.36363636363636365,2012-03-14 17:14:17
Case17,Turning & Milling Q.C.,res_cd04d8b5-e40c-453d-9a70-14c368c70ca1,Role 3,2012-03-14 18:58:35,35,0,0.0,2012-03-14 16:27:13
Case20,Final Inspection Q.C.,res_5cecbf59-45e2-4da1-a538-5b1cef8d50dd,Role 3,2012-03-14 19:08:54,36,0,0.3333333333333333,2012-03-14 17:18:39
Case12,Laser Marking,res_5cecbf59-45e2-4da1-a538-5b1cef8d50dd,Role 4,2012-03-14 19:20:10,37,1,1.0,2012-03-14 17:51:45
Case7,Lapping,res_2d2ac203-d6f3-4de3-94f0-909ceaf04e1f,Role 4,2012-03-14 19:30:45,37,0,1.0,2012-03-14 17:49:14
Case6,Laser Marking,res_2d2ac203-d6f3-4de3-94f0-909ceaf04e1f,Role 4,2012-03-14 19:37:14,36,0,0.5,2012-03-14 17:25:30
Case19,Round Grinding,res_1c08f76d-2d70-4110-b8dd-ad1be9a6c039,Role 2,2012-03-14 19:45:32,36,0,0.0,2012-03-14 17:15:55
Case8,Packing,res_1c08f76d-2d70-4110-b8dd-ad1be9a6c039,Role 5,2012-03-14 19:47:32,37,0,0.0,2012-03-14 17:56:45
Case29,Turning & Milling,res_1c08f76d-2d70-4110-b8dd-ad1be9a6c039,Role 1,2012-03-14 19:53:44,36,3,0.36363636363636365,2012-03-14 16:33:24
Case18,Flat Grinding,res_1c08f76d-2d70-4110-b8dd-ad1be9a6c039,Role 4,2012-03-14 20:01:48,36,0,0.0,2012-03-14 17:20:38
Case25,Turning Q.C.,res_7e4566c0-0439-4704-a72a-a3785057d513,Role 1,2012-03-14 20:23:11,37,0,0.45454545454545453,2012-03-14 17:52:54
Case5,Round Grinding,res_7e4566c0-0439-4704-a72a-a3785057d513,Role 2,2012-03-14 20:32:43,37,1,0.14285714285714285,2012-03-14 18:18:35
Case30,Turning & Milling,res_1c08f76d-2d70-4110-b8dd-ad1be9a6c039,Role 1,2012-03-14 20:41:58,37,3,0.45454545454545453,2012-03-14 17:32:00
Case16,Packing,res_1c08f76d-2d70-4110-b8dd-ad1be9a6c039,Role 5,2012-03-14 21:04:03,39,1,0.5,2012-03-14 19:23:06
Case14,Round Grinding,res_1c08f76d-2d70-4110-b8dd-ad1be9a6c039,Role 2,2012-03-14 21:14:30,39,2,0.2857142857142857,2012-03-14 19:39:20
Case22,Stress Relief,res_1c08f76d-2d70-4110-b8dd-ad1be9a6c039,Role 1,2012-03-14 21:18:27,39,0,0.5454545454545454,2012-03-14 19:44:40
Case27,Laser Marking,res_1c08f76d-2d70-4110-b8dd-ad1be9a6c039,Role 4,2012-03-14 21:30:35,39,1,1.0,2012-03-14 19:27:35
Case26,Turning,res_d042ca45-3d9c-43c8-9eea-5411bf41e5a4,Role 1,2012-03-14 21:46:46,39,0,0.45454545454545453,2012-03-14 19:23:51
Case31,Rework Milling,res_d042ca45-3d9c-43c8-9eea-5411bf41e5a4,Role 1,2012-03-14 21:48:42,38,0,0.5454545454545454,2012-03-14 18:39:46
Case2,Packing,res_d042ca45-3d9c-43c8-9eea-5411bf41e5a4,Role 5,2012-03-14 21:52:23,39,1,0.5,2012-03-14 20:10:45
Case9,Lapping,res_d042ca45-3d9c-43c8-9eea-5411bf41e5a4,Role 4,2012-03-14 21:53:58,39,0,0.5,2012-03-14 20:15:35
Case13,Round  Q.C.,res_d042ca45-3d9c-43c8-9eea-5411bf41e5a4,Role 1,2012-03-14 21:55:37,39,0,0.6363636363636364,2012-03-14 20:15:40
Case21,Turning Q.C.,res_36e1a99c-ddd0-428b-af34-fff574fa8341,Role 1,2012-03-14 22:06:34,39,1,0.5454545454545454,2012-03-14 20:13:51
Case32,Rework Milling,res_36e1a99c-ddd0-428b-af34-fff574fa8341,Role 1,2012-03-14 22:22:59,39,1,0.36363636363636365,2012-03-14 19:02:40
Case28,Change Version,res_22f26569-be4b-4edd-99b5-31dd5af65187,Role 1,2012-03-14 22:44:14,40,0,0.7272727272727273,2012-03-14 20:34:28
Case33,Turning & Milling,res_5cecbf59-45e2-4da1-a538-5b1cef8d50dd,Role 1,2012-03-14 23:04:50,40,2,0.7272727272727273,2012-03-14 20:20:23
Case24,Packing,res_1a822055-4700-4e3a-9a82-302230bde723,Role 5,2012-03-15 00:05:51,39,0,0.0,2012-03-14 22:03:10
Case15,Flat Grinding,res_9a761bd8-ad20-4423-a56a-3340f6278aa4,Role 4,2012-03-15 00:17:01,39,0,0.0,2012-03-14 22:35:16
Case34,Turning & Milling,res_9a761bd8-ad20-4423-a56a-3340f6278aa4,Role 1,2012-03-15 00:34:36,40,2,0.6363636363636364,2012-03-14 21:45:18
Case23,Turning Q.C.,res_22f26569-be4b-4edd-99b5-31dd5af65187,Role 1,2012-03-15 01:01:55,39,0,0.18181818181818182,2012-03-14 22:58:10
Case29,Turning & Milling Q.C.,res_22f26569-be4b-4edd-99b5-31dd5af65187,Role 3,2012-03-15 01:03:11,39,0,0.0,2012-03-14 22:32:27
Case30,Turning & Milling,res_22f26569-be4b-4edd-99b5-31dd5af65187,Role 1,2012-03-15 01:34:15,39,2,0.18181818181818182,2012-03-14 23:15:48
Case25,Turning & Milling,res_22f26569-be4b-4edd-99b5-31dd5af65187,Role 1,2012-03-15 02:33:25,39,3,0.2727272727272727,2012-03-15 00:07:46
Case17,Flat Grinding,res_87e31b04-3929-41e7-a829-8ba8e2c9f414,Role 4,2012-03-15 03:14:43,39,0,0.0,2012-03-15 00:36:17
Case7,Laser Marking,res_87e31b04-3929-41e7-a829-8ba8e2c9f414,Role 4,2012-03-15 03:16:18,40,2,1.0,2012-03-15 01:25:32
Case11,Final Inspection Q.C.,res_87e31b04-3929-41e7-a829-8ba8e2c9f414,Role 3,2012-03-15 03:17:16,40,0,0.0,2012-03-15 01:20:42
Case27,Lapping,res_22f26569-be4b-4edd-99b5-31dd5af65187,Role 4,2012-03-15 03:21:41,40,0,1.0,2012-03-15 01:19:26
Case20,Grinding Rework,res_22f26569-be4b-4edd-99b5-31dd5af65187,Role 2,2012-03-15 03:23:23,39,0,0.0,2012-03-15 01:11:46
Case12,Flat Grinding,res_22f26569-be4b-4edd-99b5-31dd5af65187,Role 4,2012-03-15 03:24:16,40,1,1.0,2012-03-15 01:45:24
Case18,Laser Marking,res_22f26569-be4b-4edd-99b5-31dd5af65187,Role 4,2012-03-15 03:26:14,39,1,1.0,2012-03-15 01:15:38
Case31,Change Version,res_22f26569-be4b-4edd-99b5-31dd5af65187,Role 1,2012-03-15 03:41:03,39,0,0.2727272727272727,2012-03-15 00:35:58
Case19,Laser Marking,res_22f26569-be4b-4edd-99b5-31dd5af65187,Role 4,2012-03-15 03:44:45,39,0,0.5,2012-03-15 01:15:04
Case26,Turning Q.C.,res_cd04d8b5-e40c-453d-9a70-14c368c70ca1,Role 1,2012-03-15 04:03:51,40,0,0.45454545454545453,2012-03-15 01:43:28
Case8,Fix,res_87e31b04-3929-41e7-a829-8ba8e2c9f414,Role 1,2012-03-15 04:08:17,40,0,0.5454545454545454,2012-03-15 02:08:48
Case32,Turning & Milling,res_87e31b04-3929-41e7-a829-8ba8e2c9f414,Role 1,2012-03-15 04:09:39,39,3,0.2727272727272727,2012-03-15 01:13:28
Case22,Turning & Milling,res_87e31b04-3929-41e7-a829-8ba8e2c9f414,Role 1,2012-03-15 04:19:34,40,3,0.6363636363636364,2012-03-15 02:39:07
Case34,Milling,res_87e31b04-3929-41e7-a829-8ba8e2c9f414,Role 1,2012-03-15 04:20:55,40,0,0.36363636363636365,2012-03-15 01:38:42
Case6,Flat Grinding,res_c4379a81-0314-4a13-8452-3119a824cd65,Role 4,2012-03-15 04:26:06,40,2,1.0,2012-03-15 02:15:17
Case33,Milling,res_c4379a81-0314-4a13-8452-3119a824cd65,Role 1,2012-03-15 04:31:39,40,1,0.6363636363636364,2012-03-15 02:09:42
Case35,Turning & Milling,res_c4379a81-0314-4a13-8452-3119a824cd65,Role 1,2012-03-15 04:47:43,40,4,0.36363636363636365,2012-03-15 01:16:44
Case28,Final Inspection Q.C.,res_c4379a81-0314-4a13-8452-3119a824cd65,Role 3,2012-03-15 04:59:32,41,1,0.3333333333333333,2012-03-15 02:49:54
Case5,Lapping,res_36e1a99c-ddd0-428b-af34-fff574fa8341,Role 4,2012-03-15 05:26:50,40,1,1.0,2012-03-15 03:21:19
Case29,Flat Grinding,res_7e4566c0-0439-4704-a72a-a3785057d513,Role 4,2012-03-15 05:36:49,40,1,1.0,2012-03-15 03:34:33
Case30,Laser Marking,res_7e4566c0-0439-4704-a72a-a3785057d513,Role 4,2012-03-15 05:37:02,40,1,1.0,2012-03-15 03:40:31
Case21,Turning & Milling,res_7e4566c0-0439-4704-a72a-a3785057d513,Role 1,2012-03-15 05:40:54,40,5,0.7272727272727273,2012-03-15 03:55:45
Case36,Turning & Milling,res_7e4566c0-0439-4704-a72a-a3785057d513,Role 1,2012-03-15 05:41:49,41,4,0.7272727272727273,2012-03-15 02:47:53
Case24,Final Inspection Q.C.,res_87e31b04-3929-41e7-a829-8ba8e2c9f414,Role 3,2012-03-15 06:01:31,40,1,0.3333333333333333,2012-03-15 04:04:41
Case14,Final Inspection Q.C.,res_87e31b04-3929-41e7-a829-8ba8e2c9f414,Role 3,2012-03-15 06:04:59,40,2,0.6666666666666666,2012-03-15 04:23:12
Case34,Final Inspection Q.C.,res_22f26569-be4b-4edd-99b5-31dd5af65187,Role 3,2012-03-15 06:36:41,40,3,1.0,2012-03-15 04:36:24
Case13,Packing,res_b007de83-5232-4f9e-9b4f-6bb08c6bebb3,Role 5,2012-03-15 07:07:54,41,0,0.0,2012-03-15 05:15:27
Case9,Laser Marking,res_20df05e8-32cb-4e98-a75a-468a7324d2b2,Role 4,2012-03-15 07:17:15,41,1,1.0,2012-03-15 05:28:11
Case23,Turning & Milling,res_20df05e8-32cb-4e98-a75a-468a7324d2b2,Role 1,2012-03-15 07:27:15,41,3,0.2727272727272727,2012-03-15 05:28:48
Case31,Final Inspection Q.C.,res_2d2ac203-d6f3-4de3-94f0-909ceaf04e1f,Role 3,2012-03-15 08:01:04,41,3,1.0,2012-03-15 05:53:16
Case35,Turning & Milling Q.C.,res_2d2ac203-d6f3-4de3-94f0-909ceaf04e1f,Role 3,2012-03-15 08:08:06,41,0,1.0,2012-03-15 05:45:30
Case32,Turning & Milling Q.C.,res_5cecbf59-45e2-4da1-a538-5b1cef8d50dd,Role 3,2012-03-15 08:27:18,41,1,1.0,2012-03-15 06:23:34
Case25,Laser Marking,res_cd04d8b5-e40c-453d-9a70-14c368c70ca1,Role 4,2012-03-15 08:43:33,41,1,0.5,2012-03-15 06:31:24
Case33,Final Inspection Q.C.,res_2d2ac203-d6f3-4de3-94f0-909ceaf04e1f,Role 3,2012-03-15 09:06:12,40,1,1.0,2012-03-15 07:11:21
Case30,Final Inspection Q.C.,res_2d2ac203-d6f3-4de3-94f0-909ceaf04e1f,Role 3,2012-03-15 09:12:09,40,2,1.0,2012-03-15 07:32:00
Case37,Rework Milling,res_1c08f76d-2d70-4110-b8dd-ad1be9a6c039,Role 1,2012-03-15 09:15:39,41,0,0.18181818181818182,2012-03-15 05:13:11
Case15,Laser Marking,res_20df05e8-32cb-4e98-a75a-468a7324d2b2,Role 4,2012-03-15 09:27:39,40,1,0.5,2012-03-15 07:28:21
Case7,Final Inspection Q.C.,res_20df05e8-32cb-4e98-a75a-468a7324d2b2,Role 3,2012-03-15 09:32:20,40,3,1.0,2012-03-15 07:50:04
Case27,Round Grinding,res_20df05e8-32cb-4e98-a75a-468a7324d2b2,Role 2,2012-03-15 09:34:25,40,0,0.0,2012-03-15 07:13:24
Case34,Round Grinding,res_20df05e8-32cb-4e98-a75a-468a7324d2b2,Role 2,2012-03-15 09:40:10,40,1,0.14285714285714285,2012-03-15 07:31:37
Case36,Milling,res_e31b2435-9e98-457f-8f33-47473e79c2da,Role 1,2012-03-15 09:44:49,41,0,0.18181818181818182,2012-03-15 06:48:06
Case29,Lapping,res_20df05e8-32cb-4e98-a75a-468a7324d2b2,Role 4,2012-03-15 09:50:36,41,0,1.0,2012-03-15 07:57:58
Case35,Laser Marking,res_68ac4a46-f24e-4c3b-bac3-753555239f84,Role 4,2012-03-15 10:16:32,41,2,1.0,2012-03-15 08:08:08
Case26,Turning & Milling,res_68ac4a46-f24e-4c3b-bac3-753555239f84,Role 1,2012-03-15 10:21:46,41,1,0.2727272727272727,2012-03-15 08:11:33
Case12,Laser Marking,res_1a822055-4700-4e3a-9a82-302230bde723,Role 4,2012-03-15 10:31:58,42,2,1.0,2012-03-15 08:46:20
Case18,Round Grinding,res_1a822055-4700-4e3a-9a82-302230bde723,Role 2,2012-03-15 10:41:14,41,2,0.2857142857142857,2012-03-15 08:38:35
Case17,Lapping,res_2d2ac203-d6f3-4de3-94f0-909ceaf04e1f,Role 4,2012-03-15 10:59:20,42,1,1.0,2012-03-15 08:58:07
Case28,Grinding Rework,res_68ac4a46-f24e-4c3b-bac3-753555239f84,Role 2,2012-03-15 11:23:46,43,0,0.5714285714285714,2012-03-15 09:24:06
Case19,Round Grinding,res_68ac4a46-f24e-4c3b-bac3-753555239f84,Role 2,2012-03-15 11:29:36,43,3,0.42857142857142855,2012-03-15 09:16:29
Case24,Round Grinding,res_68ac4a46-f24e-4c3b-bac3-753555239f84,Role 2,2012-03-15 11:36:38,43,2,0.42857142857142855,2012-03-15 09:46:19
Case22,Milling Q.C.,res_68ac4a46-f24e-4c3b-bac3-753555239f84,Role 1,2012-03-15 11:36:55,43,1,0.36363636363636365,2012-03-15 09:56:18
Case8,Packing,res_a2743a77-be50-48a7-9229-cfb0762ae4d2,Role 5,2012-03-15 11:41:15,43,0,0.0,2012-03-15 09:41:41
Case38,Milling Q.C.,res_c4379a81-0314-4a13-8452-3119a824cd65,Role 1,2012-03-15 11:51:18,41,0,0.18181818181818182,2012-03-15 07:57:06
Case6,Lapping,res_c4379a81-0314-4a13-8452-3119a824cd65,Role 4,2012-03-15 11:53:10,43,1,1.0,2012-03-15 09:56:43
Case20,Packing,res_c4379a81-0314-4a13-8452-3119a824cd65,Role 5,2012-03-15 12:00:37,43,1,0.5,2012-03-15 10:01:07
Case31,Grinding Rework,res_2d2ac203-d6f3-4de3-94f0-909ceaf04e1f,Role 2,2012-03-15 12:05:38,43,1,0.5714285714285714,2012-03-15 10:02:07
Case39,Turning & Milling,res_2d2ac203-d6f3-4de3-94f0-909ceaf04e1f,Role 1,2012-03-15 12:10:40,42,2,0.36363636363636365,2012-03-15 08:43:14
Case32,Turning & Milling,res_e31b2435-9e98-457f-8f33-47473e79c2da,Role 1,2012-03-15 12:18:39,43,3,0.45454545454545453,2012-03-15 10:22:40
Case40,Turning & Milling,res_36e1a99c-ddd0-428b-af34-fff574fa8341,Role 1,2012-03-15 12:26:53,43,3,0.45454545454545453,2012-03-15 09:13:35
Case35,Lapping,res_68ac4a46-f24e-4c3b-bac3-753555239f84,Role 4,2012-03-15 12:51:21,43,2,1.0,2012-03-15 10:47:46
Case36,Final Inspection Q.C.,res_e31b2435-9e98-457f-8f33-47473e79c2da,Role 3,2012-03-15 12:54:46,43,0,0.0,2012-03-15 10:05:44
Case33,Packing,res_8f713aa5-4efd-4aee-b5b5-649d4b986ccb,Role 5,2012-03-15 13:15:04,44,2,1.0,2012-03-15 11:26:49
Case37,Change Version,res_8f713aa5-4efd-4aee-b5b5-649d4b986ccb,Role 1,2012-03-15 13:18:14,43,0,0.45454545454545453,2012-03-15 10:11:03
Case5,Turning Rework,res_c4379a81-0314-4a13-8452-3119a824cd65,Role 1,2012-03-15 13:22:29,44,0,0.6363636363636364,2012-03-15 11:27:24
Case30,Grinding Rework,res_c4379a81-0314-4a13-8452-3119a824cd65,Role 2,2012-03-15 13:26:42,44,1,0.14285714285714285,2012-03-15 11:40:43
Case23,Milling,res_c4379a81-0314-4a13-8452-3119a824cd65,Role 1,2012-03-15 13:26:53,44,0,0.6363636363636364,2012-03-15 11:44:35
Case21,Turning & Milling Q.C.,res_c4379a81-0314-4a13-8452-3119a824cd65,Role 3,2012-03-15 13:27:35,44,0,0.3333333333333333,2012-03-15 11:48:44
Case34,Laser Marking,res_c4379a81-0314-4a13-8452-3119a824cd65,Role 4,2012-03-15 13:40:18,44,0,1.0,2012-03-15 11:41:55
Case25,Lapping,res_7e4566c0-0439-4704-a72a-a3785057d513,Role 4,2012-03-15 14:04:01,43,1,1.0,2012-03-15 12:05:23
Case29,Laser Marking,res_2d2ac203-d6f3-4de3-94f0-909ceaf04e1f,Role 4,2012-03-15 14:05:35,43,1,1.0,2012-03-15 12:16:56
Case14,Packing,res_d825cb23-eef3-4596-8ece-7bb2e1feb3aa,Role 5,2012-03-15 14:06:21,43,1,0.5,2012-03-15 12:17:43
Case41,Turning & Milling,res_d825cb23-eef3-4596-8ece-7bb2e1feb3aa,Role 1,2012-03-15 14:09:21,44,4,0.5454545454545454,2012-03-15 11:11:43
Case7,Packing,res_22f26569-be4b-4edd-99b5-31dd5af65187,Role 5,2012-03-15 14:36:18,44,4,1.0,2012-03-15 12:54:10
Case27,Packing,res_22f26569-be4b-4edd-99b5-31dd5af65187,Role 5,2012-03-15 14:43:00,43,3,1.0,2012-03-15 12:42:00
Case38,Packing,res_2d2ac203-d6f3-4de3-94f0-909ceaf04e1f,Role 5,2012-03-15 14:44:52,43,2,1.0,2012-03-15 12:24:58
Case40,Turning & Milling Q.C.,res_22f26569-be4b-4edd-99b5-31dd5af65187,Role 3,2012-03-15 15:35:41,44,2,0.6666666666666666,2012-03-15 13:19:24
Case39,Turning & Milling Q.C.,res_9a761bd8-ad20-4423-a56a-3340f6278aa4,Role 3,2012-03-15 15:40:51,44,1,0.3333333333333333,2012-03-15 12:58:30
Case37,Final Inspection Q.C.,res_87e31b04-3929-41e7-a829-8ba8e2c9f414,Role 3,2012-03-15 15:58:53,44,0,0.6666666666666666,2012-03-15 13:31:01
Case31,Packing,res_87e31b04-3929-41e7-a829-8ba8e2c9f414,Role 5,2012-03-15 16:04:09,45,3,1.0,2012-03-15 14:15:31
Case12,Lapping,res_87e31b04-3929-41e7-a829-8ba8e2c9f414,Role 4,2012-03-15 16:04:28,45,0,0.5,2012-03-15 14:05:34
Case26,Milling,res_87e31b04-3929-41e7-a829-8ba8e2c9f414,Role 1,2012-03-15 16:05:01,45,0,0.2727272727272727,2012-03-15 14:04:02
Case42,Turning & Milling,res_87e31b04-3929-41e7-a829-8ba8e2c9f414,Role 1,2012-03-15 16:06:48,44,2,0.36363636363636365,2012-03-15 12:46:46
Case9,Flat Grinding,res_36e1a99c-ddd0-428b-af34-fff574fa8341,Role 4,2012-03-15 16:11:05,45,0,1.0,2012-03-15 14:19:04
Case32,Laser Marking,res_36e1a99c-ddd0-428b-af34-fff574fa8341,Role 4,2012-03-15 16:13:25,46,1,1.0,2012-03-15 14:26:29
Case35,Laser Marking,res_36e1a99c-ddd0-428b-af34-fff574fa8341,Role 4,2012-03-15 16:20:58,45,0,0.5,2012-03-15 14:18:14
Case24,Final Inspection Q.C.,res_4a32870b-4cee-4b85-a747-55bd26e9be82,Role 3,2012-03-15 16:41:03,46,3,1.0,2012-03-15 15:03:58
Case36,Round Grinding,res_4a32870b-4cee-4b85-a747-55bd26e9be82,Role 2,2012-03-15 16:41:06,45,0,0.0,2012-03-15 14:05:42
Case38,Final Inspection Q.C.,res_4a32870b-4cee-4b85-a747-55bd26e9be82,Role 3,2012-03-15 16:41:44,46,1,1.0,2012-03-15 14:44:54
Case18,Laser Marking,res_4a32870b-4cee-4b85-a747-55bd26e9be82,Role 4,2012-03-15 16:42:39,46,2,1.0,2012-03-15 14:44:16
Case15,Final Inspection Q.C.,res_68ac4a46-f24e-4c3b-bac3-753555239f84,Role 3,2012-03-15 16:51:02,46,2,1.0,2012-03-15 15:00:25
Case41,Laser Marking,res_22f26569-be4b-4edd-99b5-31dd5af65187,Role 4,2012-03-15 17:03:05,46,3,1.0,2012-03-15 14:59:51
Case28,Final Inspection Q.C.,res_22f26569-be4b-4edd-99b5-31dd5af65187,Role 3,2012-03-15 17:03:17,46,4,1.0,2012-03-15 15:19:16
Case17,Laser Marking,res_2d2ac203-d6f3-4de3-94f0-909ceaf04e1f,Role 4,2012-03-15 17:17:12,47,4,1.0,2012-03-15 15:23:30
Case43,Turning & Milling,res_2d2ac203-d6f3-4de3-94f0-909ceaf04e1f,Role 1,2012-03-15 17:24:34,45,3,0.18181818181818182,2012-03-15 13:54:56
Case33,Round  Q.C.,res_2d2ac203-d6f3-4de3-94f0-909ceaf04e1f,Role 1,2012-03-15 17:27:56,47,0,0.5454545454545454,2012-03-15 15:40:38
Case8,Fix,res_87e31b04-3929-41e7-a829-8ba8e2c9f414,Role 1,2012-03-15 17:36:50,47,0,0.45454545454545453,2012-03-15 15:38:44
Case6,Round Grinding,res_1c08f76d-2d70-4110-b8dd-ad1be9a6c039,Role 2,2012-03-15 17:47:12,47,2,0.2857142857142857,2012-03-15 15:41:30
Case19,Final Inspection Q.C.,res_1c08f76d-2d70-4110-b8dd-ad1be9a6c039,Role 3,2012-03-15 17:47:42,47,5,1.0,2012-03-15 15:53:59
Case40,Round Grinding,res_8f713aa5-4efd-4aee-b5b5-649d4b986ccb,Role 2,2012-03-15 17:55:02,47,1,0.14285714285714285,2012-03-15 15:35:43
Case39,Turn & Mill. & Screw Assem,res_8f713aa5-4efd-4aee-b5b5-649d4b986ccb,Role 1,2012-03-15 17:56:27,47,0,0.6363636363636364,2012-03-15 15:40:53
Case44,Rework Milling,res_8f713aa5-4efd-4aee-b5b5-649d4b986ccb,Role 1,2012-03-15 17:58:27,46,0,0.2727272727272727,2012-03-15 14:23:56
Case22,Packing,res_8f713aa5-4efd-4aee-b5b5-649d4b986ccb,Role 5,2012-03-15 17:58:35,46,0,0.0,2012-03-15 16:07:34
Case30,Final Inspection Q.C.,res_5cecbf59-45e2-4da1-a538-5b1cef8d50dd,Role 3,2012-03-15 18:21:03,46,6,1.0,2012-03-15 16:37:29
Case7,Round  Q.C.,res_0d9a52f0-786b-49e7-aa81-71e203dd1a86,Role 1,2012-03-15 18:30:09,44,1,0.6363636363636364,2012-03-15 16:43:49
Case34,Final Inspection Q.C.,res_0d9a52f0-786b-49e7-aa81-71e203dd1a86,Role 3,2012-03-15 18:30:35,46,5,1.0,2012-03-15 16:36:56
Case45,Turning & Milling,res_0d9a52f0-786b-49e7-aa81-71e203dd1a86,Role 1,2012-03-15 18:30:55,47,3,0.36363636363636365,2012-03-15 15:19:41
Case29,Round Grinding,res_0d9a52f0-786b-49e7-aa81-71e203dd1a86,Role 2,2012-03-15 18:33:51,46,3,0.42857142857142855,2012-03-15 16:35:39
Case25,Turning Rework,res_8f713aa5-4efd-4aee-b5b5-649d4b986ccb,Role 1,2012-03-15 18:39:25,46,0,0.5454545454545454,2012-03-15 16:38:57
Case42,Laser Marking,res_c4379a81-0314-4a13-8452-3119a824cd65,Role 4,2012-03-15 18:59:56,44,2,1.0,2012-03-15 16:51:02
Case27,Round  Q.C.,res_d825cb23-eef3-4596-8ece-7bb2e1feb3aa,Role 1,2012-03-15 19:06:12,43,2,0.7272727272727273,2012-03-15 17:06:31
Case41,Flat Grinding,res_d825cb23-eef3-4596-8ece-7bb2e1feb3aa,Role 4,2012-03-15 19:07:34,43,0,1.0,2012-03-15 17:09:55
Case23,Final Inspection Q.C.,res_d825cb23-eef3-4596-8ece-7bb2e1feb3aa,Role 3,2012-03-15 19:08:40,43,3,1.0,2012-03-15 17:33:10
Case14,Final Inspection Q.C.,res_22f26569-be4b-4edd-99b5-31dd5af65187,Role 3,2012-03-15 19:32:19,43,3,1.0,2012-03-15 17:50:01
Case5,Lapping,res_22f26569-be4b-4edd-99b5-31dd5af65187,Role 4,2012-03-15 19:47:41,43,0,1.0,2012-03-15 17:59:42
Case12,Turning Rework,res_22f26569-be4b-4edd-99b5-31dd5af65187,Role 1,2012-03-15 19:50:44,43,1,0.5454545454545454,2012-03-15 17:45:49
Case21,Laser Marking,res_2d2ac203-d6f3-4de3-94f0-909ceaf04e1f,Role 4,2012-03-15 20:20:50,43,1,1.0,2012-03-15 18:40:18
Case32,Lapping,res_e31b2435-9e98-457f-8f33-47473e79c2da,Role 4,2012-03-15 20:28:07,43,1,1.0,2012-03-15 18:40:15
Case31,Final Inspection Q.C.,res_e31b2435-9e98-457f-8f33-47473e79c2da,Role 3,2012-03-15 20:29:00,43,2,1.0,2012-03-15 18:45:59
Case39,Turning & Milling Q.C.,res_e31b2435-9e98-457f-8f33-47473e79c2da,Role 3,2012-03-15 20:29:14,43,0,0.6666666666666666,2012-03-15 18:34:47
Case40,Laser Marking,res_e31b2435-9e98-457f-8f33-47473e79c2da,Role 4,2012-03-15 20:36:16,43,2,1.0,2012-03-15 18:41:54
Case35,Round Grinding,res_e31b2435-9e98-457f-8f33-47473e79c2da,Role 2,2012-03-15 20:36:28,43,1,0.14285714285714285,2012-03-15 18:29:25
Case42,Final Inspection Q.C.,res_2d2ac203-d6f3-4de3-94f0-909ceaf04e1f,Role 3,2012-03-15 20:46:54,43,3,1.0,2012-03-15 18:59:58
Case43,Turning,res_e31b2435-9e98-457f-8f33-47473e79c2da,Role 1,2012-03-15 20:47:44,43,0,0.45454545454545453,2012-03-15 18:13:59
Case44,Turning & Milling Q.C.,res_36e1a99c-ddd0-428b-af34-fff574fa8341,Role 3,2012-03-15 20:52:47,43,1,1.0,2012-03-15 18:48:37
Case26,Final Inspection Q.C.,res_559d21cb-55bc-42ca-9993-2a3b29d35959,Role 3,2012-03-15 21:04:21,43,3,1.0,2012-03-15 19:19:23
Case18,Round Grinding,res_36e1a99c-ddd0-428b-af34-fff574fa8341,Role 2,2012-03-15 21:11:00,43,1,0.14285714285714285,2012-03-15 19:03:42
Case36,Laser Marking,res_36e1a99c-ddd0-428b-af34-fff574fa8341,Role 4,2012-03-15 21:16:08,43,2,1.0,2012-03-15 19:17:04
Case45,Laser Marking,res_22f26569-be4b-4edd-99b5-31dd5af65187,Role 4,2012-03-15 21:19:44,43,3,1.0,2012-03-15 19:19:31
Case41,Lapping,res_c4379a81-0314-4a13-8452-3119a824cd65,Role 4,2012-03-15 21:40:58,42,1,1.0,2012-03-15 19:52:55
Case17,Round Grinding,res_c4379a81-0314-4a13-8452-3119a824cd65,Role 2,2012-03-15 21:47:26,42,2,0.2857142857142857,2012-03-15 19:52:04
Case33,Packing,res_c4379a81-0314-4a13-8452-3119a824cd65,Role 5,2012-03-15 21:56:33,42,0,0.0,2012-03-15 20:02:08
Case15,Packing,res_c4379a81-0314-4a13-8452-3119a824cd65,Role 5,2012-03-15 21:59:10,42,2,1.0,2012-03-15 20:21:07
Case8,Packing,res_c4379a81-0314-4a13-8452-3119a824cd65,Role 5,2012-03-15 22:00:41,42,1,0.5,2012-03-15 20:10:53
Case6,Laser Marking,res_c4379a81-0314-4a13-8452-3119a824cd65,Role 4,2012-03-15 22:08:01,42,4,1.0,2012-03-15 20:11:46
Case7,Packing,res_8f713aa5-4efd-4aee-b5b5-649d4b986ccb,Role 5,2012-03-15 22:14:05,42,3,1.0,2012-03-15 20:31:51
Case19,Packing,res_5f40ab0e-e4b6-4fb8-93e9-c88938204a86,Role 5,2012-03-15 22:26:25,41,4,1.0,2012-03-15 20:47:35
Case25,Lapping,res_22f26569-be4b-4edd-99b5-31dd5af65187,Role 4,2012-03-15 22:34:48,42,1,1.0,2012-03-15 20:40:43
Case27,Packing,res_22f26569-be4b-4edd-99b5-31dd5af65187,Role 5,2012-03-15 22:38:37,41,5,1.0,2012-03-15 20:52:08
Case9,Lapping,res_22f26569-be4b-4edd-99b5-31dd5af65187,Role 4,2012-03-15 22:40:49,41,2,1.0,2012-03-15 20:49:14
Case34,Packing,res_22f26569-be4b-4edd-99b5-31dd5af65187,Role 5,2012-03-15 22:48:08,41,6,1.0,2012-03-15 21:04:25
Case22,Round  Q.C.,res_2d2ac203-d6f3-4de3-94f0-909ceaf04e1f,Role 1,2012-03-15 22:58:07,41,0,0.09090909090909091,2012-03-15 21:08:19
Case44,Round Grinding,res_2d2ac203-d6f3-4de3-94f0-909ceaf04e1f,Role 2,2012-03-15 23:00:35,41,2,0.2857142857142857,2012-03-15 21:00:33
Case29,Packing,res_2d2ac203-d6f3-4de3-94f0-909ceaf04e1f,Role 5,2012-03-15 23:04:24,41,7,1.0,2012-03-15 21:10:53
Case12,Lapping,res_8f713aa5-4efd-4aee-b5b5-649d4b986ccb,Role 4,2012-03-15 23:11:39,41,3,1.0,2012-03-15 21:16:08
Case43,Turning Q.C.,res_8f713aa5-4efd-4aee-b5b5-649d4b986ccb,Role 1,2012-03-15 23:22:33,41,0,0.0,2012-03-15 21:04:45
Case45,Final Inspection Q.C.,res_8f713aa5-4efd-4aee-b5b5-649d4b986ccb,Role 3,2012-03-15 23:24:04,41,0,0.0,2012-03-15 21:19:46
Case30,Grinding Rework,res_2d2ac203-d6f3-4de3-94f0-909ceaf04e1f,Role 2,2012-03-16 00:06:35,40,0,0.14285714285714285,2012-03-15 22:17:04
Case39,Flat Grinding,res_2d2ac203-d6f3-4de3-94f0-909ceaf04e1f,Role 4,2012-03-16 00:08:12,40,0,1.0,2012-03-15 22:32:16
Case35,Final Inspection Q.C.,res_2d2ac203-d6f3-4de3-94f0-909ceaf04e1f,Role 3,2012-03-16 00:13:28,41,1,0.3333333333333333,2012-03-15 22:12:35
Case40,Round Grinding,res_d042ca45-3d9c-43c8-9eea-5411bf41e5a4,Role 2,2012-03-16 00:26:10,39,1,0.2857142857142857,2012-03-15 22:41:16
Case23,Grinding Rework,res_d042ca45-3d9c-43c8-9eea-5411bf41e5a4,Role 2,2012-03-16 00:26:15,39,1,0.42857142857142855,2012-03-15 22:51:44
Case5,Laser Marking,res_d042ca45-3d9c-43c8-9eea-5411bf41e5a4,Role 4,2012-03-16 00:29:35,39,0,1.0,2012-03-15 22:43:16
Case32,Laser Marking,res_1c08f76d-2d70-4110-b8dd-ad1be9a6c039,Role 4,2012-03-16 00:39:28,39,1,1.0,2012-03-15 22:58:02
Case41,Final Inspection Q.C.,res_7e4566c0-0439-4704-a72a-a3785057d513,Role 3,2012-03-16 00:51:54,38,2,1.0,2012-03-15 23:17:28
Case18,Turning & Milling Q.C.,res_7e4566c0-0439-4704-a72a-a3785057d513,Role 3,2012-03-16 01:03:23,38,0,0.6666666666666666,2012-03-15 23:08:19
Case21,Final Inspection Q.C.,res_4a32870b-4cee-4b85-a747-55bd26e9be82,Role 3,2012-03-16 01:22:35,37,2,1.0,2012-03-15 23:50:49
Case17,Turning & Milling Q.C.,res_4a32870b-4cee-4b85-a747-55bd26e9be82,Role 3,2012-03-16 01:22:44,37,1,1.0,2012-03-15 23:39:24
Case8,Final Inspection Q.C.,res_4a32870b-4cee-4b85-a747-55bd26e9be82,Role 3,2012-03-16 01:25:43,37,3,1.0,2012-03-15 23:50:58
Case44,Final Inspection Q.C.,res_4a32870b-4cee-4b85-a747-55bd26e9be82,Role 3,2012-03-16 01:29:58,37,4,1.0,2012-03-15 23:58:15
Case31,Grinding Rework,res_4a32870b-4cee-4b85-a747-55bd26e9be82,Role 2,2012-03-16 01:34:18,37,2,0.42857142857142855,2012-03-15 23:56:51
Case26,Packing,res_36e1a99c-ddd0-428b-af34-fff574fa8341,Role 5,2012-03-16 01:51:21,37,0,0.0,2012-03-16 00:01:47
Case6,Lapping,res_36e1a99c-ddd0-428b-af34-fff574fa8341,Role 4,2012-03-16 01:57:29,37,0,1.0,2012-03-16 00:04:43
Case15,Round  Q.C.,res_22f26569-be4b-4edd-99b5-31dd5af65187,Role 1,2012-03-16 02:06:16,37,0,0.09090909090909091,2012-03-16 00:30:22
Case33,Fix,res_22f26569-be4b-4edd-99b5-31dd5af65187,Role 1,2012-03-16 02:13:53,37,0,0.0,2012-03-16 00:23:30
Case19,Fix,res_22f26569-be4b-4edd-99b5-31dd5af65187,Role 1,2012-03-16 02:22:15,37,1,0.2727272727272727,2012-03-16 00:43:47
Case43,Turning & Milling,res_22f26569-be4b-4edd-99b5-31dd5af65187,Role 1,2012-03-16 02:33:21,37,1,0.18181818181818182,2012-03-16 00:38:19
Case34,Fix,res_22f26569-be4b-4edd-99b5-31dd5af65187,Role 1,2012-03-16 02:42:15,37,2,0.36363636363636365,2012-03-16 01:09:30
Case36,Final Inspection Q.C.,res_22f26569-be4b-4edd-99b5-31dd5af65187,Role 3,2012-03-16 02:47:00,37,3,1.0,2012-03-16 01:06:11
Case12,Turning Rework,res_22f26569-be4b-4edd-99b5-31dd5af65187,Role 1,2012-03-16 03:04:17,37,0,0.45454545454545453,2012-03-16 01:16:54
Case25,Laser Marking,res_22f26569-be4b-4edd-99b5-31dd5af65187,Role 4,2012-03-16 03:09:14,37,0,0.5,2012-03-16 01:13:04
Case22,Packing,res_22f26569-be4b-4edd-99b5-31dd5af65187,Role 5,2012-03-16 03:37:00,36,1,0.5,2012-03-16 01:49:29
Case9,Laser Marking,res_22f26569-be4b-4edd-99b5-31dd5af65187,Role 4,2012-03-16 03:53:57,36,1,0.5,2012-03-16 02:04:23
Case35,Grinding Rework,res_87e31b04-3929-41e7-a829-8ba8e2c9f414,Role 2,2012-03-16 07:31:31,35,0,0.0,2012-03-16 05:34:15
Case32,Lapping,res_87e31b04-3929-41e7-a829-8ba8e2c9f414,Role 4,2012-03-16 07:42:51,35,0,0.0,2012-03-16 05:58:11
Case39,Laser Marking,res_87e31b04-3929-41e7-a829-8ba8e2c9f414,Role 4,2012-03-16 07:43:11,35,0,1.0,2012-03-16 06:11:47
Case41,Round Grinding,res_36e1a99c-ddd0-428b-af34-fff574fa8341,Role 2,2012-03-16 07:54:55,35,0,0.14285714285714285,2012-03-16 06:18:24
Case5,Flat Grinding,res_36e1a99c-ddd0-428b-af34-fff574fa8341,Role 4,2012-03-16 07:54:57,35,0,0.5,2012-03-16 06:04:35
Case17,Stress Relief,res_36e1a99c-ddd0-428b-af34-fff574fa8341,Role 1,2012-03-16 08:10:14,35,0,0.0,2012-03-16 06:31:16
Case18,Round Grinding,res_36e1a99c-ddd0-428b-af34-fff574fa8341,Role 2,2012-03-16 08:14:20,35,1,0.2857142857142857,2012-03-16 06:29:58
Case44,Packing,res_36e1a99c-ddd0-428b-af34-fff574fa8341,Role 5,2012-03-16 08:19:11,35,1,0.5,2012-03-16 06:55:18
Case40,Packing,res_7e4566c0-0439-4704-a72a-a3785057d513,Role 5,2012-03-16 08:29:01,35,0,0.0,2012-03-16 06:44:42
Case15,Packing,res_36e1a99c-ddd0-428b-af34-fff574fa8341,Role 5,2012-03-16 08:44:52,35,3,1.0,2012-03-16 07:23:57
Case30,Packing,res_36e1a99c-ddd0-428b-af34-fff574fa8341,Role 5,2012-03-16 08:46:23,35,2,1.0,2012-03-16 07:15:28
Case21,Grinding Rework,res_36e1a99c-ddd0-428b-af34-fff574fa8341,Role 2,2012-03-16 08:46:27,35,1,0.42857142857142855,2012-03-16 07:16:00
Case33,Packing,res_36e1a99c-ddd0-428b-af34-fff574fa8341,Role 5,2012-03-16 08:52:02,35,4,1.0,2012-03-16 07:25:33
Case6,Laser Marking,res_36e1a99c-ddd0-428b-af34-fff574fa8341,Role 4,2012-03-16 08:58:47,35,1,1.0,2012-03-16 07:27:06
Case19,Packing,res_87e31b04-3929-41e7-a829-8ba8e2c9f414,Role 5,2012-03-16 09:00:36,35,5,1.0,2012-03-16 07:46:54
Case23,Final Inspection Q.C.,res_87e31b04-3929-41e7-a829-8ba8e2c9f414,Role 3,2012-03-16 09:03:58,35,0,0.0,2012-03-16 07:29:47
Case34,Packing,res_87e31b04-3929-41e7-a829-8ba8e2c9f414,Role 5,2012-03-16 09:54:02,33,4,1.0,2012-03-16 08:39:46
Case26,Fix,res_87e31b04-3929-41e7-a829-8ba8e2c9f414,Role 1,2012-03-16 09:54:45,34,0,0.0,2012-03-16 08:25:42
Case43,Laser Marking,res_22f26569-be4b-4edd-99b5-31dd5af65187,Role 4,2012-03-16 10:03:15,33,1,0.5,2012-03-16 08:34:42
Case31,Packing,res_22f26569-be4b-4edd-99b5-31dd5af65187,Role 5,2012-03-16 10:09:26,33,5,1.0,2012-03-16 08:42:48
Case12,Lapping,res_22f26569-be4b-4edd-99b5-31dd5af65187,Role 4,2012-03-16 10:27:13,33,0,0.5,2012-03-16 08:59:02
Case25,Final Inspection Q.C.,res_5cecbf59-45e2-4da1-a538-5b1cef8d50dd,Role 3,2012-03-16 10:37:42,33,1,0.3333333333333333,2012-03-16 08:59:54
Case9,Lapping,res_5cecbf59-45e2-4da1-a538-5b1cef8d50dd,Role 4,2012-03-16 11:33:40,32,1,1.0,2012-03-16 09:58:15
Case22,Round  Q.C.,res_5cecbf59-45e2-4da1-a538-5b1cef8d50dd,Role 1,2012-03-16 11:56:02,32,0,0.0,2012-03-16 10:30:24
Case41,Turning & Milling Q.C.,res_22f26569-be4b-4edd-99b5-31dd5af65187,Role 3,2012-03-16 17:35:54,31,0,0.3333333333333333,2012-03-16 16:15:40
Case32,Final Inspection Q.C.,res_22f26569-be4b-4edd-99b5-31dd5af65187,Role 3,2012-03-16 17:42:27,31,0,0.0,2012-03-16 16:07:14
Case15,Fix,res_22f26569-be4b-4edd-99b5-31dd5af65187,Role 1,2012-03-16 17:47:28,31,0,0.0,2012-03-16 16:46:32
Case39,Lapping,res_22f26569-be4b-4edd-99b5-31dd5af65187,Role 4,2012-03-16 17:50:08,31,0,0.0,2012-03-16 16:23:04
Case35,Final Inspection Q.C.,res_22f26569-be4b-4edd-99b5-31dd5af65187,Role 3,2012-03-16 17:59:36,31,1,0.6666666666666666,2012-03-16 16:35:57
Case33,Round  Q.C.,res_87e31b04-3929-41e7-a829-8ba8e2c9f414,Role 1,2012-03-16 18:05:11,31,0,0.18181818181818182,2012-03-16 17:08:12
Case5,Lapping,res_87e31b04-3929-41e7-a829-8ba8e2c9f414,Role 4,2012-03-16 18:05:17,31,1,0.5,2012-03-16 16:36:04
Case17,Turning & Milling,res_36e1a99c-ddd0-428b-af34-fff574fa8341,Role 1,2012-03-16 18:26:34,31,1,0.09090909090909091,2012-03-16 17:07:46
Case18,Lapping,res_d042ca45-3d9c-43c8-9eea-5411bf41e5a4,Role 4,2012-03-16 18:55:06,31,2,1.0,2012-03-16 17:34:32
Case6,Final Inspection Q.C.,res_d042ca45-3d9c-43c8-9eea-5411bf41e5a4,Role 3,2012-03-16 19:11:36,31,0,0.0,2012-03-16 18:00:17
Case21,Packing,res_4a32870b-4cee-4b85-a747-55bd26e9be82,Role 5,2012-03-16 19:28:30,31,0,0.0,2012-03-16 18:15:30
Case30,Round  Q.C.,res_36e1a99c-ddd0-428b-af34-fff574fa8341,Role 1,2012-03-16 19:58:25,31,0,0.0,2012-03-16 18:47:22
Case34,Round  Q.C.,res_8f713aa5-4efd-4aee-b5b5-649d4b986ccb,Role 1,2012-03-16 20:10:43,31,1,0.09090909090909091,2012-03-16 19:17:30
Case23,Packing,res_87e31b04-3929-41e7-a829-8ba8e2c9f414,Role 5,2012-03-16 21:00:36,31,0,0.0,2012-03-16 19:42:55
Case12,Final Inspection Q.C.,res_87e31b04-3929-41e7-a829-8ba8e2c9f414,Role 3,2012-03-16 21:11:31,31,0,0.0,2012-03-16 20:02:35
Case26,Packing,res_2d2ac203-d6f3-4de3-94f0-909ceaf04e1f,Role 5,2012-03-16 21:35:39,31,1,0.5,2012-03-16 20:29:27
Case43,Final Inspection Q.C.,res_2d2ac203-d6f3-4de3-94f0-909ceaf04e1f,Role 3,2012-03-16 21:47:48,31,1,0.3333333333333333,2012-03-16 20:39:39
Case31,Round  Q.C.,res_2d2ac203-d6f3-4de3-94f0-909ceaf04e1f,Role 1,2012-03-16 22:20:59,31,0,0.0,2012-03-16 21:11:36
Case9,Laser Marking,res_2d2ac203-d6f3-4de3-94f0-909ceaf04e1f,Role 4,2012-03-16 22:40:19,31,0,0.0,2012-03-16 21:18:55
Case22,Packing,res_36e1a99c-ddd0-428b-af34-fff574fa8341,Role 5,2012-03-16 23:51:58,31,0,0.0,2012-03-16 22:50:10
Case15,Packing,res_2d2ac203-d6f3-4de3-94f0-909ceaf04e1f,Role 5,2012-03-17 05:37:37,31,0,0.0,2012-03-17 04:32:44
Case39,Final Inspection Q.C.,res_2d2ac203-d6f3-4de3-94f0-909ceaf04e1f,Role 3,2012-03-17 05:44:17,31,0,0.0,2012-03-17 04:19:23
Case33,Packing,res_2d2ac203-d6f3-4de3-94f0-909ceaf04e1f,Role 5,2012-03-17 05:52:56,31,2,1.0,2012-03-17 05:12:36
Case41,Nitration Q.C.,res_2d2ac203-d6f3-4de3-94f0-909ceaf04e1f,Role 3,2012-03-17 06:08:37,31,0,0.3333333333333333,2012-03-17 04:53:28
Case32,Packing,res_2d2ac203-d6f3-4de3-94f0-909ceaf04e1f,Role 5,2012-03-17 06:11:24,31,1,0.5,2012-03-17 04:44:07
Case5,Laser Marking,res_8f713aa5-4efd-4aee-b5b5-649d4b986ccb,Role 4,2012-03-17 07:08:24,31,0,0.0,2012-03-17 05:31:28
Case35,Grinding Rework,res_8f713aa5-4efd-4aee-b5b5-649d4b986ccb,Role 2,2012-03-17 07:49:27,30,0,0.0,2012-03-17 06:43:33
Case17,Turning & Milling Q.C.,res_8f713aa5-4efd-4aee-b5b5-649d4b986ccb,Role 3,2012-03-17 07:53:25,30,0,0.0,2012-03-17 06:53:43
Case18,Final Inspection Q.C.,res_36e1a99c-ddd0-428b-af34-fff574fa8341,Role 3,2012-03-17 08:23:12,30,0,0.3333333333333333,2012-03-17 07:22:10
Case6,Packing,res_e31b2435-9e98-457f-8f33-47473e79c2da,Role 5,2012-03-17 08:45:35,30,0,0.0,2012-03-17 07:18:41
Case21,Final Inspection Q.C.,res_e31b2435-9e98-457f-8f33-47473e79c2da,Role 3,2012-03-17 08:58:13,30,1,0.6666666666666666,2012-03-17 07:47:00
Case30,Packing,res_e31b2435-9e98-457f-8f33-47473e79c2da,Role 5,2012-03-17 09:10:42,30,1,0.5,2012-03-17 08:05:33
Case34,Packing,res_e31b2435-9e98-457f-8f33-47473e79c2da,Role 5,2012-03-17 09:22:59,30,2,1.0,2012-03-17 08:25:28
Case12,Round Grinding,res_20df05e8-32cb-4e98-a75a-468a7324d2b2,Role 2,2012-03-17 10:54:16,28,0,0.0,2012-03-17 09:29:51
Case23,Final Inspection Q.C.,res_20df05e8-32cb-4e98-a75a-468a7324d2b2,Role 3,2012-03-17 11:02:21,28,0,0.0,2012-03-17 09:57:03
Case26,Round  Q.C.,res_8f713aa5-4efd-4aee-b5b5-649d4b986ccb,Role 1,2012-03-17 11:49:36,28,0,0.0,2012-03-17 10:46:01
Case43,Round Grinding,res_8f713aa5-4efd-4aee-b5b5-649d4b986ccb,Role 2,2012-03-17 11:52:30,28,1,0.14285714285714285,2012-03-17 10:53:03
Case9,Final Inspection Q.C.,res_e31b2435-9e98-457f-8f33-47473e79c2da,Role 3,2012-03-17 12:43:33,28,0,0.0,2012-03-17 11:18:39
Case31,Packing,res_e31b2435-9e98-457f-8f33-47473e79c2da,Role 5,2012-03-17 12:55:45,28,0,0.0,2012-03-17 11:55:32
Case22,Fix,res_1a822055-4700-4e3a-9a82-302230bde723,Role 1,2012-03-17 14:15:11,28,0,0.0,2012-03-17 13:22:57
Case15,Fix,res_1a822055-4700-4e3a-9a82-302230bde723,Role 1,2012-03-17 16:43:34,28,0,0.0,2012-03-17 15:25:01
Case39,Round Grinding,res_1a822055-4700-4e3a-9a82-302230bde723,Role 2,2012-03-17 17:14:07,28,0,0.0,2012-03-17 15:28:02
Case33,Round  Q.C.,res_1a822055-4700-4e3a-9a82-302230bde723,Role 1,2012-03-17 17:17:27,28,0,0.09090909090909091,2012-03-17 16:08:52
Case41,Laser Marking,res_2d2ac203-d6f3-4de3-94f0-909ceaf04e1f,Role 4,2012-03-17 19:07:35,28,0,0.0,2012-03-17 17:42:52
Case5,Flat Grinding,res_2d2ac203-d6f3-4de3-94f0-909ceaf04e1f,Role 4,2012-03-17 19:55:19,28,0,0.5,2012-03-17 18:10:36
Case30,Fix,res_87e31b04-3929-41e7-a829-8ba8e2c9f414,Role 1,2012-03-17 21:02:37,28,0,0.0,2012-03-17 19:59:37
Case17,Turn & Mill. & Screw Assem,res_8f713aa5-4efd-4aee-b5b5-649d4b986ccb,Role 1,2012-03-17 21:25:17,28,0,0.09090909090909091,2012-03-17 20:15:41
Case35,Final Inspection Q.C.,res_8f713aa5-4efd-4aee-b5b5-649d4b986ccb,Role 3,2012-03-17 21:48:10,28,0,0.0,2012-03-17 20:45:13
Case18,Packing,res_8f713aa5-4efd-4aee-b5b5-649d4b986ccb,Role 5,2012-03-17 21:54:40,28,0,0.0,2012-03-17 20:39:23
Case34,Final Inspection Q.C.,res_e31b2435-9e98-457f-8f33-47473e79c2da,Role 3,2012-03-17 22:35:36,28,1,0.3333333333333333,2012-03-17 21:23:01
Case12,Packing,res_accf405a-ba18-418f-b085-6c775d22fe20,Role 5,2012-03-18 00:01:26,27,0,0.0,2012-03-17 22:26:09
Case23,Round Grinding,res_e31b2435-9e98-457f-8f33-47473e79c2da,Role 2,2012-03-18 00:27:06,27,0,0.0,2012-03-17 23:25:50
Case26,Packing,res_b007de83-5232-4f9e-9b4f-6bb08c6bebb3,Role 5,2012-03-18 01:26:00,26,1,0.5,2012-03-18 00:19:14
Case43,Packing,res_b007de83-5232-4f9e-9b4f-6bb08c6bebb3,Role 5,2012-03-18 01:29:57,26,0,0.0,2012-03-18 00:04:03
Case15,Packing,res_e31b2435-9e98-457f-8f33-47473e79c2da,Role 5,2012-03-18 02:24:05,26,2,1.0,2012-03-18 01:00:30
Case9,Packing,res_e31b2435-9e98-457f-8f33-47473e79c2da,Role 5,2012-03-18 02:26:58,26,3,1.0,2012-03-18 01:05:33
Case31,Round  Q.C.,res_e31b2435-9e98-457f-8f33-47473e79c2da,Role 1,2012-03-18 02:31:10,26,0,0.0,2012-03-18 01:23:49
Case33,Packing,res_36e1a99c-ddd0-428b-af34-fff574fa8341,Role 5,2012-03-18 03:38:32,26,2,1.0,2012-03-18 02:12:15
Case39,Laser Marking,res_36e1a99c-ddd0-428b-af34-fff574fa8341,Role 4,2012-03-18 03:50:01,26,0,0.0,2012-03-18 01:41:30
Case22,Packing,res_36e1a99c-ddd0-428b-af34-fff574fa8341,Role 5,2012-03-18 04:00:00,25,1,0.5,2012-03-18 02:50:50
Case41,Flat Grinding,res_36e1a99c-ddd0-428b-af34-fff574fa8341,Role 4,2012-03-18 06:47:15,24,0,0.0,2012-03-18 05:03:17
Case30,Packing,res_36e1a99c-ddd0-428b-af34-fff574fa8341,Role 5,2012-03-18 07:26:52,24,0,0.0,2012-03-18 05:56:33
Case5,Laser Marking,res_36e1a99c-ddd0-428b-af34-fff574fa8341,Role 4,2012-03-18 07:32:24,24,0,0.5,2012-03-18 05:44:27
Case17,Turning & Milling Q.C.,res_5cecbf59-45e2-4da1-a538-5b1cef8d50dd,Role 3,2012-03-18 09:05:59,24,0,0.0,2012-03-18 07:54:58
Case15,Round  Q.C.,res_559d21cb-55bc-42ca-9993-2a3b29d35959,Role 1,2012-03-18 09:27:28,24,0,0.0,2012-03-18 08:00:07
Case18,Fix,res_b007de83-5232-4f9e-9b4f-6bb08c6bebb3,Role 1,2012-03-18 09:38:27,24,0,0.09090909090909091,2012-03-18 08:09:05
Case34,Grinding Rework,res_8f713aa5-4efd-4aee-b5b5-649d4b986ccb,Role 2,2012-03-18 10:46:54,24,0,0.0,2012-03-18 09:21:10
Case23,Turning & Milling Q.C.,res_8f713aa5-4efd-4aee-b5b5-649d4b986ccb,Role 3,2012-03-18 10:58:29,24,0,0.0,2012-03-18 09:50:33
Case26,Fix,res_8f713aa5-4efd-4aee-b5b5-649d4b986ccb,Role 1,2012-03-18 11:02:19,24,0,0.09090909090909091,2012-03-18 09:39:11
Case43,Round  Q.C.,res_559d21cb-55bc-42ca-9993-2a3b29d35959,Role 1,2012-03-18 11:20:21,24,0,0.09090909090909091,2012-03-18 09:32:49
Case31,Packing,res_cd04d8b5-e40c-453d-9a70-14c368c70ca1,Role 5,2012-03-18 13:24:49,24,0,0.0,2012-03-18 11:46:01
Case39,Round Grinding,res_cd04d8b5-e40c-453d-9a70-14c368c70ca1,Role 2,2012-03-18 13:33:51,24,0,0.0,2012-03-18 11:09:02
Case22,Round  Q.C.,res_cd04d8b5-e40c-453d-9a70-14c368c70ca1,Role 1,2012-03-18 14:25:07,24,0,0.0,2012-03-18 13:06:27
Case30,Final Inspection Q.C.,res_87e31b04-3929-41e7-a829-8ba8e2c9f414,Role 3,2012-03-18 16:00:06,24,0,0.0,2012-03-18 14:30:12
Case15,Packing,res_87e31b04-3929-41e7-a829-8ba8e2c9f414,Role 5,2012-03-18 16:36:19,24,0,0.0,2012-03-18 14:27:49
Case41,Lapping,res_e31b2435-9e98-457f-8f33-47473e79c2da,Role 4,2012-03-18 17:01:49,24,0,0.0,2012-03-18 14:56:28
Case5,Final Inspection Q.C.,res_36e1a99c-ddd0-428b-af34-fff574fa8341,Role 3,2012-03-18 17:35:40,24,1,0.3333333333333333,2012-03-18 15:52:07
Case26,Packing,res_2d2ac203-d6f3-4de3-94f0-909ceaf04e1f,Role 5,2012-03-18 18:56:02,24,0,0.0,2012-03-18 16:59:43
Case43,Packing,res_2d2ac203-d6f3-4de3-94f0-909ceaf04e1f,Role 5,2012-03-18 18:56:21,24,1,0.5,2012-03-18 17:03:11
Case18,Packing,res_2d2ac203-d6f3-4de3-94f0-909ceaf04e1f,Role 5,2012-03-18 19:23:37,23,2,1.0,2012-03-18 17:57:45
Case23,Flat Grinding,res_e31b2435-9e98-457f-8f33-47473e79c2da,Role 4,2012-03-18 19:29:20,23,0,0.5,2012-03-18 18:12:07
Case17,Laser Marking,res_e31b2435-9e98-457f-8f33-47473e79c2da,Role 4,2012-03-18 19:36:43,23,0,0.0,2012-03-18 18:03:58
Case34,Packing,res_22f26569-be4b-4edd-99b5-31dd5af65187,Role 5,2012-03-18 20:49:00,23,0,0.0,2012-03-18 19:24:21
Case31,Fix,res_8f713aa5-4efd-4aee-b5b5-649d4b986ccb,Role 1,2012-03-18 22:11:12,23,0,0.0,2012-03-18 20:07:41
Case22,Packing,res_a2743a77-be50-48a7-9229-cfb0762ae4d2,Role 5,2012-03-18 22:49:47,23,0,0.0,2012-03-18 21:05:17
Case39,Laser Marking,res_a2743a77-be50-48a7-9229-cfb0762ae4d2,Role 4,2012-03-18 23:25:18,23,0,0.0,2012-03-18 20:25:39
Case15,Final Inspection Q.C.,res_87e31b04-3929-41e7-a829-8ba8e2c9f414,Role 3,2012-03-19 00:06:58,23,0,0.0,2012-03-18 21:39:43
Case30,Round Grinding,res_87e31b04-3929-41e7-a829-8ba8e2c9f414,Role 2,2012-03-19 00:36:06,23,0,0.0,2012-03-18 22:30:20
Case43,Final Inspection Q.C.,res_87e31b04-3929-41e7-a829-8ba8e2c9f414,Role 3,2012-03-19 01:37:58,23,2,0.6666666666666666,2012-03-18 23:51:18
Case26,Final Inspection Q.C.,res_87e31b04-3929-41e7-a829-8ba8e2c9f414,Role 3,2012-03-19 01:42:41,23,1,0.3333333333333333,2012-03-18 23:31:41
Case41,Round Grinding,res_68ac4a46-f24e-4c3b-bac3-753555239f84,Role 2,2012-03-19 02:10:25,23,1,0.14285714285714285,2012-03-18 23:44:21
Case18,Fix,res_20df05e8-32cb-4e98-a75a-468a7324d2b2,Role 1,2012-03-19 03:32:17,22,0,0.0,2012-03-19 02:08:13
Case23,Lapping,res_36e1a99c-ddd0-428b-af34-fff574fa8341,Role 4,2012-03-19 03:50:29,22,0,0.0,2012-03-19 01:48:08
Case17,Round Grinding,res_c4379a81-0314-4a13-8452-3119a824cd65,Role 2,2012-03-19 05:18:32,22,0,0.0,2012-03-19 03:01:02
Case34,Final Inspection Q.C.,res_d825cb23-eef3-4596-8ece-7bb2e1feb3aa,Role 3,2012-03-19 06:18:30,22,0,0.0,2012-03-19 04:32:16
Case31,Packing,res_2d2ac203-d6f3-4de3-94f0-909ceaf04e1f,Role 5,2012-03-19 06:49:42,22,0,0.0,2012-03-19 03:44:44
Case22,Round  Q.C.,res_2d2ac203-d6f3-4de3-94f0-909ceaf04e1f,Role 1,2012-03-19 06:54:06,22,0,0.0,2012-03-19 04:17:51
Case15,Grinding Rework,res_e31b2435-9e98-457f-8f33-47473e79c2da,Role 2,2012-03-19 09:07:40,22,0,0.0,2012-03-19 05:54:31
Case43,Grinding Rework,res_e31b2435-9e98-457f-8f33-47473e79c2da,Role 2,2012-03-19 09:33:25,22,1,0.14285714285714285,2012-03-19 07:26:33
Case30,Packing,res_22f26569-be4b-4edd-99b5-31dd5af65187,Role 5,2012-03-19 10:09:43,22,0,0.0,2012-03-19 07:28:14
Case39,Lapping,res_22f26569-be4b-4edd-99b5-31dd5af65187,Role 4,2012-03-19 10:13:09,22,0,0.0,2012-03-19 06:22:50
Case18,Packing,res_2d2ac203-d6f3-4de3-94f0-909ceaf04e1f,Role 5,2012-03-19 12:10:13,22,0,0.0,2012-03-19 10:23:30
Case41,Laser Marking,res_2d2ac203-d6f3-4de3-94f0-909ceaf04e1f,Role 4,2012-03-19 12:19:47,22,0,0.5,2012-03-19 09:37:37
Case23,Laser Marking,res_36e1a99c-ddd0-428b-af34-fff574fa8341,Role 4,2012-03-19 13:04:04,22,1,0.5,2012-03-19 10:48:44
Case22,Packing,res_accf405a-ba18-418f-b085-6c775d22fe20,Role 5,2012-03-19 15:20:00,22,1,0.5,2012-03-19 12:55:27
Case17,Packing,res_87e31b04-3929-41e7-a829-8ba8e2c9f414,Role 5,2012-03-19 15:26:09,22,0,0.0,2012-03-19 12:49:22
Case31,Final Inspection Q.C.,res_c4379a81-0314-4a13-8452-3119a824cd65,Role 3,2012-03-19 16:13:53,22,0,0.0,2012-03-19 13:06:05
Case34,Grinding Rework,res_5cecbf59-45e2-4da1-a538-5b1cef8d50dd,Role 2,2012-03-19 16:35:56,22,0,0.0,2012-03-19 14:27:12
Case43,Final Inspection Q.C.,res_b007de83-5232-4f9e-9b4f-6bb08c6bebb3,Role 3,2012-03-19 17:14:30,22,2,0.6666666666666666,2012-03-19 15:51:55
Case15,Final Inspection Q.C.,res_b007de83-5232-4f9e-9b4f-6bb08c6bebb3,Role 3,2012-03-19 17:47:37,22,1,0.3333333333333333,2012-03-19 15:21:51
Case30,Round  Q.C.,res_22f26569-be4b-4edd-99b5-31dd5af65187,Role 1,2012-03-19 19:47:32,21,0,0.09090909090909091,2012-03-19 17:01:29
Case39,Turning Rework,res_c4379a81-0314-4a13-8452-3119a824cd65,Role 1,2012-03-19 20:06:26,21,0,0.0,2012-03-19 16:30:44
Case18,Fix,res_c4379a81-0314-4a13-8452-3119a824cd65,Role 1,2012-03-19 20:27:51,21,0,0.18181818181818182,2012-03-19 18:39:19
Case23,Final Inspection Q.C.,res_c4379a81-0314-4a13-8452-3119a824cd65,Role 3,2012-03-19 22:03:25,21,0,0.0,2012-03-19 19:54:54
Case41,Lapping,res_c4379a81-0314-4a13-8452-3119a824cd65,Role 4,2012-03-19 22:06:45,21,0,0.0,2012-03-19 19:15:28
Case22,Final Inspection Q.C.,res_1c08f76d-2d70-4110-b8dd-ad1be9a6c039,Role 3,2012-03-19 22:37:11,21,1,0.3333333333333333,2012-03-19 21:10:52
Case17,Fix,res_8f713aa5-4efd-4aee-b5b5-649d4b986ccb,Role 1,2012-03-20 00:52:35,21,0,0.0,2012-03-19 22:27:29
Case43,Round Grinding,res_5f40ab0e-e4b6-4fb8-93e9-c88938204a86,Role 2,2012-03-20 01:50:16,20,0,0.0,2012-03-20 00:18:12
Case15,Round Grinding,res_e31b2435-9e98-457f-8f33-47473e79c2da,Role 2,2012-03-20 03:08:55,20,1,0.14285714285714285,2012-03-20 00:59:24
Case34,Final Inspection Q.C.,res_e31b2435-9e98-457f-8f33-47473e79c2da,Role 3,2012-03-20 03:14:50,20,0,0.0,2012-03-20 00:24:26
Case18,Packing,res_e31b2435-9e98-457f-8f33-47473e79c2da,Role 5,2012-03-20 04:10:02,20,1,0.5,2012-03-20 02:39:47
Case30,Packing,res_e31b2435-9e98-457f-8f33-47473e79c2da,Role 5,2012-03-20 04:39:55,20,0,0.0,2012-03-20 02:16:11
Case39,Lapping,res_559d21cb-55bc-42ca-9993-2a3b29d35959,Role 4,2012-03-20 05:22:16,20,0,0.0,2012-03-20 02:16:03
Case23,Round Grinding,res_559d21cb-55bc-42ca-9993-2a3b29d35959,Role 2,2012-03-20 06:48:50,19,1,0.14285714285714285,2012-03-20 04:57:08
Case41,Round Grinding,res_36e1a99c-ddd0-428b-af34-fff574fa8341,Role 2,2012-03-20 07:18:19,19,0,0.0,2012-03-20 04:49:53
Case17,Packing,res_87e31b04-3929-41e7-a829-8ba8e2c9f414,Role 5,2012-03-20 09:03:36,19,0,0.0,2012-03-20 07:04:05
Case43,Final Inspection Q.C.,res_c4379a81-0314-4a13-8452-3119a824cd65,Role 3,2012-03-20 10:24:53,19,0,0.0,2012-03-20 08:50:22
Case18,Final Inspection Q.C.,res_559d21cb-55bc-42ca-9993-2a3b29d35959,Role 3,2012-03-20 11:34:07,19,1,0.3333333333333333,2012-03-20 10:14:53
Case15,Turning & Milling Q.C.,res_73988677-dc11-4ae5-9c31-77479e3ea587,Role 3,2012-03-20 11:43:53,19,0,0.6666666666666666,2012-03-20 10:18:50
Case34,Grinding Rework,res_73988677-dc11-4ae5-9c31-77479e3ea587,Role 2,2012-03-20 12:44:52,19,0,0.0,2012-03-20 10:30:05
Case39,Turning Rework,res_2d2ac203-d6f3-4de3-94f0-909ceaf04e1f,Role 1,2012-03-20 13:50:25,19,0,0.0,2012-03-20 11:35:08
Case23,Lapping,res_7e4566c0-0439-4704-a72a-a3785057d513,Role 4,2012-03-20 15:18:13,19,0,0.0,2012-03-20 13:30:42
Case41,Final Inspection Q.C.,res_7e4566c0-0439-4704-a72a-a3785057d513,Role 3,2012-03-20 15:56:36,19,0,0.0,2012-03-20 14:02:47
Case17,Round  Q.C.,res_7e4566c0-0439-4704-a72a-a3785057d513,Role 1,2012-03-20 16:37:05,19,0,0.0,2012-03-20 15:00:07
Case43,Grinding Rework,res_73988677-dc11-4ae5-9c31-77479e3ea587,Role 2,2012-03-20 19:03:35,19,0,0.0,2012-03-20 17:26:10
Case18,Grinding Rework,res_73988677-dc11-4ae5-9c31-77479e3ea587,Role 2,2012-03-20 19:10:28,19,1,0.14285714285714285,2012-03-20 17:51:20
Case15,Turn & Mill. & Screw Assem,res_8f713aa5-4efd-4aee-b5b5-649d4b986ccb,Role 1,2012-03-20 19:58:23,19,0,0.0,2012-03-20 18:34:37
Case34,Final Inspection Q.C.,res_4a32870b-4cee-4b85-a747-55bd26e9be82,Role 3,2012-03-20 21:38:25,19,0,0.0,2012-03-20 19:58:15
Case39,Lapping,res_4a32870b-4cee-4b85-a747-55bd26e9be82,Role 4,2012-03-20 21:51:43,19,0,0.0,2012-03-20 20:00:43
Case23,Turning Rework,res_36e1a99c-ddd0-428b-af34-fff574fa8341,Role 1,2012-03-20 23:14:07,19,0,0.0,2012-03-20 21:36:49
Case17,Packing,res_36e1a99c-ddd0-428b-af34-fff574fa8341,Role 5,2012-03-20 23:25:39,19,0,0.0,2012-03-20 21:58:12
Case41,Packing,res_36e1a99c-ddd0-428b-af34-fff574fa8341,Role 5,2012-03-20 23:40:16,19,1,0.5,2012-03-20 22:10:47
Case18,Final Inspection Q.C.,res_87e31b04-3929-41e7-a829-8ba8e2c9f414,Role 3,2012-03-21 02:53:09,19,0,0.0,2012-03-21 01:22:32
Case43,Final Inspection Q.C.,res_87e31b04-3929-41e7-a829-8ba8e2c9f414,Role 3,2012-03-21 03:16:53,19,1,0.3333333333333333,2012-03-21 01:33:16
Case15,Turning & Milling Q.C.,res_2d2ac203-d6f3-4de3-94f0-909ceaf04e1f,Role 3,2012-03-21 03:37:49,19,0,0.6666666666666666,2012-03-21 02:13:21
Case39,Laser Marking,res_1c08f76d-2d70-4110-b8dd-ad1be9a6c039,Role 4,2012-03-21 05:47:40,19,0,0.0,2012-03-21 03:37:18
Case17,Fix,res_1c08f76d-2d70-4110-b8dd-ad1be9a6c039,Role 1,2012-03-21 06:05:27,19,0,0.0,2012-03-21 04:26:55
Case34,Packing,res_1c08f76d-2d70-4110-b8dd-ad1be9a6c039,Role 5,2012-03-21 06:07:53,19,0,0.0,2012-03-21 04:11:29
Case23,Lapping,res_1c08f76d-2d70-4110-b8dd-ad1be9a6c039,Role 4,2012-03-21 06:56:01,19,0,0.5,2012-03-21 05:14:42
Case41,Fix,res_1c08f76d-2d70-4110-b8dd-ad1be9a6c039,Role 1,2012-03-21 06:56:55,19,1,0.09090909090909091,2012-03-21 05:23:13
Case18,Round Grinding,res_36e1a99c-ddd0-428b-af34-fff574fa8341,Role 2,2012-03-21 10:51:29,19,0,0.0,2012-03-21 09:02:22
Case15,Laser Marking,res_36e1a99c-ddd0-428b-af34-fff574fa8341,Role 4,2012-03-21 11:24:59,19,0,0.0,2012-03-21 09:41:37
Case43,Grinding Rework,res_87e31b04-3929-41e7-a829-8ba8e2c9f414,Role 2,2012-03-21 11:32:27,19,0,0.14285714285714285,2012-03-21 09:33:28
Case17,Packing,res_36e1a99c-ddd0-428b-af34-fff574fa8341,Role 5,2012-03-21 12:36:13,19,0,0.0,2012-03-21 10:48:52
Case41,Packing,res_22f26569-be4b-4edd-99b5-31dd5af65187,Role 5,2012-03-21 13:41:08,19,1,0.5,2012-03-21 12:20:05
Case39,Final Inspection Q.C.,res_22f26569-be4b-4edd-99b5-31dd5af65187,Role 3,2012-03-21 13:45:30,19,0,0.0,2012-03-21 11:27:19
Case34,Fix,res_22f26569-be4b-4edd-99b5-31dd5af65187,Role 1,2012-03-21 13:55:54,19,0,0.0,2012-03-21 12:02:36
Case23,Laser Marking,res_22f26569-be4b-4edd-99b5-31dd5af65187,Role 4,2012-03-21 14:43:29,18,0,0.0,2012-03-21 12:41:00
Case18,Packing,res_22f26569-be4b-4edd-99b5-31dd5af65187,Role 5,2012-03-21 18:59:08,18,0,0.0,2012-03-21 17:04:28
Case43,Packing,res_87e31b04-3929-41e7-a829-8ba8e2c9f414,Role 5,2012-03-21 19:37:00,18,1,0.5,2012-03-21 18:03:06
Case15,Flat Grinding,res_87e31b04-3929-41e7-a829-8ba8e2c9f414,Role 4,2012-03-21 19:56:07,18,0,0.0,2012-03-21 18:03:31
Case41,Final Inspection Q.C.,res_e31b2435-9e98-457f-8f33-47473e79c2da,Role 3,2012-03-21 20:51:12,18,0,0.0,2012-03-21 19:31:19
Case34,Packing,res_22f26569-be4b-4edd-99b5-31dd5af65187,Role 5,2012-03-21 21:50:30,18,0,0.0,2012-03-21 20:02:43
Case39,Grinding Rework,res_22f26569-be4b-4edd-99b5-31dd5af65187,Role 2,2012-03-21 22:05:12,18,0,0.0,2012-03-21 19:59:43
Case23,Lapping,res_22f26569-be4b-4edd-99b5-31dd5af65187,Role 4,2012-03-21 23:05:09,17,0,0.0,2012-03-21 21:01:51
Case18,Fix,res_2d2ac203-d6f3-4de3-94f0-909ceaf04e1f,Role 1,2012-03-22 03:42:40,17,0,0.0,2012-03-22 01:38:36
Case43,Round  Q.C.,res_2d2ac203-d6f3-4de3-94f0-909ceaf04e1f,Role 1,2012-03-22 04:18:02,17,0,0.09090909090909091,2012-03-22 02:43:28
Case15,Lapping,res_8f713aa5-4efd-4aee-b5b5-649d4b986ccb,Role 4,2012-03-22 05:44:52,17,0,0.0,2012-03-22 03:33:57
Case34,Final Inspection Q.C.,res_8f713aa5-4efd-4aee-b5b5-649d4b986ccb,Role 3,2012-03-22 06:18:40,17,0,0.0,2012-03-22 04:40:38
Case39,Final Inspection Q.C.,res_2d2ac203-d6f3-4de3-94f0-909ceaf04e1f,Role 3,2012-03-22 07:08:36,17,1,0.3333333333333333,2012-03-22 05:25:30
Case23,Laser Marking,res_2d2ac203-d6f3-4de3-94f0-909ceaf04e1f,Role 4,2012-03-22 08:30:16,17,0,0.0,2012-03-22 06:25:22
Case18,Packing,res_36e1a99c-ddd0-428b-af34-fff574fa8341,Role 5,2012-03-22 10:32:33,16,0,0.0,2012-03-22 08:47:05
Case43,Packing,res_36e1a99c-ddd0-428b-af34-fff574fa8341,Role 5,2012-03-22 11:18:58,16,1,0.5,2012-03-22 10:06:17
Case34,Packing,res_0d9a52f0-786b-49e7-aa81-71e203dd1a86,Role 5,2012-03-22 13:12:48,16,0,0.0,2012-03-22 11:51:19
Case15,Round Grinding,res_b007de83-5232-4f9e-9b4f-6bb08c6bebb3,Role 2,2012-03-22 14:10:52,16,0,0.0,2012-03-22 12:11:11
Case18,Fix,res_22f26569-be4b-4edd-99b5-31dd5af65187,Role 1,2012-03-22 14:53:44,16,0,0.0,2012-03-22 13:26:26
Case23,Flat Grinding,res_36e1a99c-ddd0-428b-af34-fff574fa8341,Role 4,2012-03-22 16:39:30,16,0,0.0,2012-03-22 14:44:11
Case43,Final Inspection Q.C.,res_36e1a99c-ddd0-428b-af34-fff574fa8341,Role 3,2012-03-22 16:45:07,16,0,0.0,2012-03-22 15:30:29
Case18,Packing,res_c4379a81-0314-4a13-8452-3119a824cd65,Role 5,2012-03-22 17:22:14,16,0,0.0,2012-03-22 16:02:57
Case34,Final Inspection Q.C.,res_c4379a81-0314-4a13-8452-3119a824cd65,Role 3,2012-03-22 18:19:10,16,0,0.0,2012-03-22 17:12:14
Case15,Final Inspection Q.C.,res_559d21cb-55bc-42ca-9993-2a3b29d35959,Role 3,2012-03-22 20:27:04,15,0,0.0,2012-03-22 18:50:30
Case43,Round Grinding,res_559d21cb-55bc-42ca-9993-2a3b29d35959,Role 2,2012-03-22 20:28:51,15,0,0.0,2012-03-22 19:02:42
Case34,Grinding Rework,res_22f26569-be4b-4edd-99b5-31dd5af65187,Role 2,2012-03-22 21:53:12,15,0,0.0,2012-03-22 20:42:59
Case23,Lapping,res_c4379a81-0314-4a13-8452-3119a824cd65,Role 4,2012-03-22 22:46:13,15,0,0.0,2012-03-22 21:05:16
Case43,Turning & Milling Q.C.,res_5f40ab0e-e4b6-4fb8-93e9-c88938204a86,Role 3,2012-03-22 23:30:09,15,0,0.0,2012-03-22 22:10:50
Case15,Grinding Rework,res_c4379a81-0314-4a13-8452-3119a824cd65,Role 2,2012-03-23 00:50:53,15,0,0.0,2012-03-22 23:25:25
Case34,Final Inspection Q.C.,res_c4379a81-0314-4a13-8452-3119a824cd65,Role 3,2012-03-23 00:51:57,15,0,0.0,2012-03-22 23:44:47
Case23,Round Grinding,res_b007de83-5232-4f9e-9b4f-6bb08c6bebb3,Role 2,2012-03-23 02:38:44,15,0,0.0,2012-03-23 01:11:25
Case43,Turning & Milling,res_b007de83-5232-4f9e-9b4f-6bb08c6bebb3,Role 1,2012-03-23 02:42:20,15,1,0.0,2012-03-23 01:43:39
Case15,Packing,res_accf405a-ba18-418f-b085-6c775d22fe20,Role 5,2012-03-23 07:22:45,15,0,0.0,2012-03-23 06:21:21
Case34,Grinding Rework,res_accf405a-ba18-418f-b085-6c775d22fe20,Role 2,2012-03-23 07:31:05,15,0,0.0,2012-03-23 06:44:56
Case43,Turning & Milling Q.C.,res_87e31b04-3929-41e7-a829-8ba8e2c9f414,Role 3,2012-03-23 08:30:10,15,1,0.3333333333333333,2012-03-23 08:13:30
Case23,Turning & Milling Q.C.,res_87e31b04-3929-41e7-a829-8ba8e2c9f414,Role 3,2012-03-23 08:53:32,15,0,0.0,2012-03-23 07:47:24
Case15,Final Inspection Q.C.,res_36e1a99c-ddd0-428b-af34-fff574fa8341,Role 3,2012-03-23 16:55:59,15,0,0.0,2012-03-23 16:29:37
Case34,Packing,res_36e1a99c-ddd0-428b-af34-fff574fa8341,Role 5,2012-03-23 17:15:01,15,0,0.0,2012-03-23 16:53:03
Case43,Flat Grinding,res_22f26569-be4b-4edd-99b5-31dd5af65187,Role 4,2012-03-23 17:38:59,15,0,0.0,2012-03-23 17:17:28
Case23,Turning & Milling,res_73988677-dc11-4ae5-9c31-77479e3ea587,Role 1,2012-03-23 18:33:29,15,1,0.0,2012-03-23 17:47:04
Case15,Packing,res_2d2ac203-d6f3-4de3-94f0-909ceaf04e1f,Role 5,2012-03-24 04:41:59,15,0,0.0,2012-03-24 04:07:51
Case34,Fix,res_2d2ac203-d6f3-4de3-94f0-909ceaf04e1f,Role 1,2012-03-24 05:01:12,15,0,0.0,2012-03-24 04:27:33
Case43,Lapping,res_1a822055-4700-4e3a-9a82-302230bde723,Role 4,2012-03-24 06:07:43,15,0,0.0,2012-03-24 04:37:39
Case23,Milling,res_1a822055-4700-4e3a-9a82-302230bde723,Role 1,2012-03-24 07:20:27,15,0,0.0,2012-03-24 05:42:18
Case15,Fix,res_2d2ac203-d6f3-4de3-94f0-909ceaf04e1f,Role 1,2012-03-24 15:52:48,15,0,0.0,2012-03-24 14:23:35
Case34,Packing,res_2d2ac203-d6f3-4de3-94f0-909ceaf04e1f,Role 5,2012-03-24 16:05:44,15,0,0.0,2012-03-24 14:36:54
Case43,Laser Marking,res_8f713aa5-4efd-4aee-b5b5-649d4b986ccb,Role 4,2012-03-24 18:55:00,15,0,0.0,2012-03-24 15:50:03
Case23,Final Inspection Q.C.,res_8f713aa5-4efd-4aee-b5b5-649d4b986ccb,Role 3,2012-03-24 19:59:02,15,0,0.0,2012-03-24 17:29:00
Case15,Packing,res_cd04d8b5-e40c-453d-9a70-14c368c70ca1,Role 5,2012-03-25 01:52:27,15,0,0.0,2012-03-24 23:15:34
Case34,Round  Q.C.,res_cd04d8b5-e40c-453d-9a70-14c368c70ca1,Role 1,2012-03-25 02:01:32,15,0,0.0,2012-03-24 23:26:41
Case43,Flat Grinding,res_559d21cb-55bc-42ca-9993-2a3b29d35959,Role 4,2012-03-25 05:17:42,15,0,0.0,2012-03-25 02:52:00
Case23,Grinding Rework,res_559d21cb-55bc-42ca-9993-2a3b29d35959,Role 2,2012-03-25 06:21:42,15,0,0.0,2012-03-25 04:33:49
Case34,Packing,res_1c08f76d-2d70-4110-b8dd-ad1be9a6c039,Role 5,2012-03-25 08:55:12,15,0,0.0,2012-03-25 07:25:12
Case15,Fix,res_1c08f76d-2d70-4110-b8dd-ad1be9a6c039,Role 1,2012-03-25 08:59:37,15,0,0.0,2012-03-25 07:34:28
Case43,Laser Marking,res_36e1a99c-ddd0-428b-af34-fff574fa8341,Role 4,2012-03-25 13:39:59,15,0,0.0,2012-03-25 11:37:43
Case34,Fix,res_36e1a99c-ddd0-428b-af34-fff574fa8341,Role 1,2012-03-25 13:51:36,15,0,0.0,2012-03-25 13:19:07
Case15,Packing,res_36e1a99c-ddd0-428b-af34-fff574fa8341,Role 5,2012-03-25 14:03:40,15,0,0.0,2012-03-25 13:27:03
Case23,Final Inspection Q.C.,res_36e1a99c-ddd0-428b-af34-fff574fa8341,Role 3,2012-03-25 14:39:31,15,0,0.0,2012-03-25 13:23:09
Case34,Packing,res_22f26569-be4b-4edd-99b5-31dd5af65187,Role 5,2012-03-25 19:11:54,15,0,0.0,2012-03-25 18:09:17
Case15,Fix,res_22f26569-be4b-4edd-99b5-31dd5af65187,Role 1,2012-03-25 19:19:43,15,0,0.0,2012-03-25 18:20:44
Case43,Lapping,res_0d9a52f0-786b-49e7-aa81-71e203dd1a86,Role 4,2012-03-25 21:25:47,15,0,0.0,2012-03-25 19:11:28
Case23,Round Grinding,res_0d9a52f0-786b-49e7-aa81-71e203dd1a86,Role 2,2012-03-25 22:07:40,14,0,0.0,2012-03-25 20:41:16
Case15,Packing,res_e31b2435-9e98-457f-8f33-47473e79c2da,Role 5,2012-03-26 00:34:05,14,0,0.0,2012-03-25 22:53:36
Case43,Final Inspection Q.C.,res_68ac4a46-f24e-4c3b-bac3-753555239f84,Role 3,2012-03-26 06:06:26,14,0,0.0,2012-03-26 02:54:04
Case23,Packing,res_68ac4a46-f24e-4c3b-bac3-753555239f84,Role 5,2012-03-26 06:13:18,14,0,0.0,2012-03-26 03:44:22
Case15,Round  Q.C.,res_68ac4a46-f24e-4c3b-bac3-753555239f84,Role 1,2012-03-26 07:10:58,14,0,0.0,2012-03-26 04:18:07
Case15,Packing,res_e31b2435-9e98-457f-8f33-47473e79c2da,Role 5,2012-03-26 14:06:44,13,0,0.0,2012-03-26 11:30:23
Case23,Fix,res_e31b2435-9e98-457f-8f33-47473e79c2da,Role 1,2012-03-26 14:24:22,13,0,0.0,2012-03-26 11:20:30
Case15,Round  Q.C.,res_36e1a99c-ddd0-428b-af34-fff574fa8341,Role 1,2012-03-26 20:28:07,13,0,0.0,2012-03-26 18:33:17
Case23,Packing,res_36e1a99c-ddd0-428b-af34-fff574fa8341,Role 5,2012-03-26 21:12:37,13,0,0.0,2012-03-26 19:06:01
Case15,Packing,res_c4379a81-0314-4a13-8452-3119a824cd65,Role 5,2012-03-27 02:39:04,13,0,0.0,2012-03-27 00:44:57
Case23,Final Inspection Q.C.,res_c4379a81-0314-4a13-8452-3119a824cd65,Role 3,2012-03-27 03:54:40,13,0,0.0,2012-03-27 02:00:52
Case23,Packing,res_e31b2435-9e98-457f-8f33-47473e79c2da,Role 5,2012-03-27 10:14:08,12,0,0.0,2012-03-27 08:31:21
Case23,Round  Q.C.,res_9a761bd8-ad20-4423-a56a-3340f6278aa4,Role 1,2012-03-27 15:57:37,12,0,0.0,2012-03-27 14:27:27
Case23,Packing,res_36e1a99c-ddd0-428b-af34-fff574fa8341,Role 5,2012-03-27 21:12:57,12,0,0.0,2012-03-27 20:00:52
Case23,Fix,res_68ac4a46-f24e-4c3b-bac3-753555239f84,Role 1,2012-03-28 02:14:08,12,0,0.0,2012-03-28 00:57:33
Case23,Packing,res_36e1a99c-ddd0-428b-af34-fff574fa8341,Role 5,2012-03-28 07:51:58,12,0,0.0,2012-03-28 05:56:35
Case23,Round  Q.C.,res_1a822055-4700-4e3a-9a82-302230bde723,Role 1,2012-03-28 14:26:08,12,0,0.0,2012-03-28 12:19:08
Case23,Packing,res_36e1a99c-ddd0-428b-af34-fff574fa8341,Role 5,2012-03-28 21:42:03,12,0,0.0,2012-03-28 19:54:08
Case23,Round  Q.C.,res_68ac4a46-f24e-4c3b-bac3-753555239f84,Role 1,2012-03-29 05:39:58,12,0,0.0,2012-03-29 04:00:04
Case23,Packing,res_36e1a99c-ddd0-428b-af34-fff574fa8341,Role 5,2012-03-29 12:02:50,12,0,0.0,2012-03-29 10:43:01
