caseid,task,start_timestamp,end_timestamp,resource
0,Rework Milling,2012-03-13 07:00:00.0,2012-03-13 07:00:00.0,SYSTEM
0,Start,2012-03-13 07:00:00.0,2012-03-13 07:00:00.0,SYSTEM
0,Turning & Milling,2012-03-13 07:00:00.0,2012-03-13 16:49:34.384,Role 1
0,Start,2012-03-13 16:49:34.384,2012-03-13 16:49:34.384,SYSTEM
0,Milling Q.C.,2012-03-13 16:49:34.384,2012-03-13 16:49:34.384,SYSTEM
0,Packing,2012-03-13 16:49:34.384,2012-03-13 17:49:34.384,Role 5
0,Final Inspection Q.C.,2012-03-13 17:49:34.384,2012-03-13 18:41:05.839,Role 3
0,Packing,2012-03-13 18:41:05.839,2012-03-13 19:41:05.839,Role 5
0,Round  Q.C.,2012-03-13 19:41:05.839,2012-03-13 21:00:00.0,SYSTEM
0,Packing,2012-03-13 21:00:00.0,2012-03-13 22:00:00.0,Role 5
0,Round  Q.C.,2012-03-13 22:00:00.0,2012-03-14 00:00:00.0,SYSTEM
0,Packing,2012-03-14 00:00:00.0,2012-03-14 01:00:00.0,Role 5
0,End,2012-03-14 01:00:00.0,2012-03-14 03:00:00.0,SYSTEM
1,Rework Milling,2012-03-14 14:08:00.0,2012-03-14 14:08:00.0,SYSTEM
1,Start,2012-03-14 14:08:00.0,2012-03-14 14:08:00.0,SYSTEM
1,Milling Q.C.,2012-03-14 14:08:00.0,2012-03-14 14:08:00.0,SYSTEM
1,Packing,2012-03-14 14:08:00.0,2012-03-14 15:08:00.0,Role 5
1,Round  Q.C.,2012-03-14 15:08:00.0,2012-03-14 17:00:00.0,SYSTEM
1,Packing,2012-03-14 17:00:00.0,2012-03-14 18:00:00.0,Role 5
1,End,2012-03-14 18:00:00.0,2012-03-14 18:00:00.0,SYSTEM
2,Rework Milling,2012-03-17 18:16:00.0,2012-03-17 18:16:00.0,SYSTEM
2,Start,2012-03-17 18:16:00.0,2012-03-17 18:16:00.0,SYSTEM
2,Turning & Milling,2012-03-17 18:16:00.0,2012-03-17 20:06:52.302,Role 1
2,Laser Marking,2012-03-17 20:06:52.302,2012-03-17 20:58:19.554,Role 6
2,Lapping,2012-03-17 20:58:19.554,2012-03-17 21:45:31.001,Role 6
2,Turning Rework,2012-03-17 21:45:31.001,2012-03-17 21:45:31.001,SYSTEM
2,Lapping,2012-03-17 21:45:31.001,2012-03-17 22:37:22.881,Role 6
2,Round Grinding,2012-03-17 22:37:22.881,2012-03-18 00:35:27.603,Role 2
2,Final Inspection Q.C.,2012-03-18 00:35:27.603,2012-03-18 03:38:07.913,Role 3
2,End,2012-03-18 03:38:07.913,2012-03-19 16:00:00.0,SYSTEM
3,Turning & Milling,2012-03-20 21:22:00.0,2012-03-21 04:06:39.582,Role 1
3,Start,2012-03-21 04:06:39.582,2012-03-21 04:06:39.582,SYSTEM
3,Milling Q.C.,2012-03-21 04:06:39.582,2012-03-21 04:06:39.582,SYSTEM
3,Packing,2012-03-21 04:06:39.582,2012-03-21 05:06:39.582,Role 5
3,End,2012-03-21 05:06:39.582,2012-03-21 07:00:00.0,SYSTEM
4,Turning & Milling,2012-03-23 13:32:00.0,2012-03-23 19:15:25.047,Role 1
4,Turning & Milling Q.C.,2012-03-23 19:15:25.047,2012-03-23 21:02:15.49,Role 3
4,Flat Grinding,2012-03-23 21:02:15.49,2012-03-23 21:49:28.783,Role 6
4,Laser Marking,2012-03-23 21:49:28.783,2012-03-23 22:47:05.73,Role 6
4,Round Grinding,2012-03-23 22:47:05.73,2012-03-23 23:48:24.851,Role 2
4,Lapping,2012-03-23 23:48:24.851,2012-03-24 03:27:05.021,Role 6
4,Round Grinding,2012-03-24 03:27:05.021,2012-03-24 04:36:02.692,Role 2
4,Packing,2012-03-24 04:36:02.692,2012-03-24 05:36:02.692,Role 5
4,Round  Q.C.,2012-03-24 05:36:02.692,2012-03-24 05:36:02.692,SYSTEM
4,Packing,2012-03-24 05:36:02.692,2012-03-24 06:36:02.692,Role 5
4,Final Inspection Q.C.,2012-03-24 06:36:02.692,2012-03-24 07:20:51.506,Role 3
4,Packing,2012-03-24 07:20:51.506,2012-03-24 08:20:51.506,Role 5
4,End,2012-03-24 08:20:51.506,2012-03-24 08:20:51.506,SYSTEM
5,Turning & Milling,2012-03-27 14:38:00.0,2012-03-27 16:49:22.376,Role 1
5,Laser Marking,2012-03-27 16:49:22.376,2012-03-27 17:19:25.474,Role 6
5,Round Grinding,2012-03-27 17:19:25.474,2012-03-28 02:24:34.877,Role 2
5,Turning & Milling Q.C.,2012-03-28 02:24:34.877,2012-03-28 03:43:12.409,Role 3
5,Turn & Mill. & Screw Assem,2012-03-28 03:43:12.409,2012-03-28 03:43:12.409,SYSTEM
5,Turning & Milling Q.C.,2012-03-28 03:43:12.409,2012-03-28 04:59:38.421,Role 3
5,Round Grinding,2012-03-28 04:59:38.421,2012-03-28 05:21:08.299,Role 2
5,Laser Marking,2012-03-28 05:21:08.299,2012-03-28 05:42:33.44,Role 6
5,Final Inspection Q.C.,2012-03-28 05:42:33.44,2012-03-28 06:17:17.803,Role 3
5,Packing,2012-03-28 06:17:17.803,2012-03-28 07:17:17.803,Role 5
5,Fix,2012-03-28 07:17:17.803,2012-03-28 07:17:17.803,SYSTEM
5,Packing,2012-03-28 07:17:17.803,2012-03-28 08:17:17.803,Role 5
5,Round  Q.C.,2012-03-28 08:17:17.803,2012-03-28 08:17:17.803,SYSTEM
5,Packing,2012-03-28 08:17:17.803,2012-03-28 09:17:17.803,Role 5
5,Final Inspection Q.C.,2012-03-28 09:17:17.803,2012-03-28 09:21:14.456,Role 3
5,Round Grinding,2012-03-28 09:21:14.456,2012-03-28 09:53:51.368,Role 2
5,Lapping,2012-03-28 09:53:51.368,2012-03-28 10:14:49.053,Role 6
5,Laser Marking,2012-03-28 10:14:49.053,2012-03-28 10:37:16.059,Role 6
5,Flat Grinding,2012-03-28 10:37:16.059,2012-03-28 12:20:07.5,Role 6
5,Lapping,2012-03-28 12:20:07.5,2012-03-28 12:42:02.816,Role 6
5,Turning Rework,2012-03-28 12:42:02.816,2012-03-28 12:42:02.816,SYSTEM
5,Lapping,2012-03-28 12:42:02.816,2012-03-28 15:38:41.794,Role 6
5,Final Inspection Q.C.,2012-03-28 15:38:41.794,2012-03-28 16:10:57.681,Role 3
5,End,2012-03-28 16:10:57.681,2012-03-28 17:00:00.0,SYSTEM
6,Turning & Milling,2012-03-28 18:46:00.0,2012-03-28 22:04:11.428,Role 1
6,Milling,2012-03-28 22:04:11.428,2012-03-29 07:00:00.0,SYSTEM
6,Final Inspection Q.C.,2012-03-29 07:00:00.0,2012-03-29 10:32:45.685,Role 3
6,Grinding Rework,2012-03-29 10:32:45.685,2012-03-29 13:47:45.685,Role 2
6,Final Inspection Q.C.,2012-03-29 13:47:45.685,2012-03-29 14:00:15.154,Role 3
6,Packing,2012-03-29 14:00:15.154,2012-03-29 15:00:15.154,Role 5
6,Round  Q.C.,2012-03-29 15:00:15.154,2012-03-30 07:00:00.0,SYSTEM
6,Packing,2012-03-30 07:00:00.0,2012-03-30 08:00:00.0,Role 5
6,End,2012-03-30 08:00:00.0,2012-03-30 13:00:00.0,SYSTEM
7,Turning & Milling,2012-04-02 17:54:00.0,2012-04-02 18:12:18.711,Role 1
7,Milling,2012-04-02 18:12:18.711,2012-04-02 18:12:18.711,SYSTEM
7,Final Inspection Q.C.,2012-04-02 18:12:18.711,2012-04-02 19:34:27.056,Role 3
7,Packing,2012-04-02 19:34:27.056,2012-04-02 20:34:27.056,Role 5
7,Fix,2012-04-02 20:34:27.056,2012-04-02 20:34:27.056,SYSTEM
7,Packing,2012-04-02 20:34:27.056,2012-04-02 21:34:27.056,Role 5
7,End,2012-04-02 21:34:27.056,2012-04-03 07:00:00.0,SYSTEM
8,Turning & Milling,2012-04-04 07:02:00.0,2012-04-04 08:02:03.54,Role 1
8,Milling,2012-04-04 08:02:03.54,2012-04-04 08:02:03.54,SYSTEM
8,Final Inspection Q.C.,2012-04-04 08:02:03.54,2012-04-04 08:35:29.036,Role 3
8,Packing,2012-04-04 08:35:29.036,2012-04-04 09:35:29.036,Role 5
8,Fix,2012-04-04 09:35:29.036,2012-04-04 14:00:00.0,SYSTEM
8,Packing,2012-04-04 14:00:00.0,2012-04-04 15:00:00.0,Role 5
8,End,2012-04-04 15:00:00.0,2012-04-04 17:00:00.0,SYSTEM
9,Rework Milling,2012-04-06 18:10:00.0,2012-04-06 18:10:00.0,SYSTEM
9,Start,2012-04-06 18:10:00.0,2012-04-06 18:10:00.0,SYSTEM
9,Turning & Milling,2012-04-06 18:10:00.0,2012-04-06 20:55:31.202,Role 1
9,Start,2012-04-06 20:55:31.202,2012-04-07 18:00:00.0,SYSTEM
9,Turning & Milling,2012-04-07 18:00:00.0,2012-04-07 19:29:33.621,Role 1
9,Laser Marking,2012-04-07 19:29:33.621,2012-04-07 21:02:30.749,Role 6
9,Round Grinding,2012-04-07 21:02:30.749,2012-04-07 21:20:40.509,Role 2
9,Packing,2012-04-07 21:20:40.509,2012-04-07 22:20:40.509,Role 5
9,Round  Q.C.,2012-04-07 22:20:40.509,2012-04-09 16:00:00.0,SYSTEM
9,Packing,2012-04-09 16:00:00.0,2012-04-09 17:00:00.0,Role 5
9,Round  Q.C.,2012-04-09 17:00:00.0,2012-04-09 17:00:00.0,SYSTEM
9,Packing,2012-04-09 17:00:00.0,2012-04-09 18:00:00.0,Role 5
9,Round  Q.C.,2012-04-09 18:00:00.0,2012-04-09 18:00:00.0,SYSTEM
9,Packing,2012-04-09 18:00:00.0,2012-04-09 19:00:00.0,Role 5
9,End,2012-04-09 19:00:00.0,2012-04-10 07:00:00.0,SYSTEM
10,Start,2012-04-10 18:16:00.0,2012-04-10 18:16:00.0,SYSTEM
10,Turning & Milling,2012-04-10 18:16:00.0,2012-04-10 18:24:40.512,Role 1
10,Turning & Milling Q.C.,2012-04-10 18:24:40.512,2012-04-10 19:31:29.972,Role 3
10,Flat Grinding,2012-04-10 19:31:29.972,2012-04-10 19:32:02.223,Role 6
10,Laser Marking,2012-04-10 19:32:02.223,2012-04-10 19:49:59.739,Role 6
10,Flat Grinding,2012-04-10 19:49:59.739,2012-04-10 20:04:38.474,Role 6
10,Lapping,2012-04-10 20:04:38.474,2012-04-10 23:16:59.104,Role 6
10,Final Inspection Q.C.,2012-04-10 23:16:59.104,2012-04-10 23:25:52.09,Role 3
10,Grinding Rework,2012-04-10 23:25:52.09,2012-04-11 02:40:53.09,Role 2
10,Final Inspection Q.C.,2012-04-11 02:40:53.09,2012-04-11 04:21:43.075,Role 3
10,Grinding Rework,2012-04-11 04:21:43.075,2012-04-11 07:36:43.075,Role 2
10,Final Inspection Q.C.,2012-04-11 07:36:43.075,2012-04-11 07:58:20.67,Role 3
10,End,2012-04-11 07:58:20.67,2012-04-11 07:58:20.67,SYSTEM
11,Rework Milling,2012-04-13 07:26:00.0,2012-04-13 07:26:00.0,SYSTEM
11,Start,2012-04-13 07:26:00.0,2012-04-13 07:26:00.0,SYSTEM
11,Milling Q.C.,2012-04-13 07:26:00.0,2012-04-13 07:26:00.0,SYSTEM
11,Packing,2012-04-13 07:26:00.0,2012-04-13 08:26:00.0,Role 5
11,Fix,2012-04-13 08:26:00.0,2012-04-13 13:00:00.0,SYSTEM
11,Packing,2012-04-13 13:00:00.0,2012-04-13 14:00:00.0,Role 5
11,Final Inspection Q.C.,2012-04-13 14:00:00.0,2012-04-13 16:55:08.302,Role 3
11,Round Grinding,2012-04-13 16:55:08.302,2012-04-14 00:09:14.123,Role 2
11,Packing,2012-04-14 00:09:14.123,2012-04-14 01:09:14.123,Role 5
11,Fix,2012-04-14 01:09:14.123,2012-04-14 18:00:00.0,SYSTEM
11,Packing,2012-04-14 18:00:00.0,2012-04-14 19:00:00.0,Role 5
11,Final Inspection Q.C.,2012-04-14 19:00:00.0,2012-04-14 20:37:30.641,Role 3
11,Grinding Rework,2012-04-14 20:37:30.641,2012-04-14 23:52:30.641,Role 2
11,Final Inspection Q.C.,2012-04-14 23:52:30.641,2012-04-15 00:35:41.312,Role 3
11,Round Grinding,2012-04-15 00:35:41.312,2012-04-15 01:30:20.419,Role 2
11,Turning & Milling Q.C.,2012-04-15 01:30:20.419,2012-04-15 04:03:25.495,Role 3
11,Stress Relief,2012-04-15 04:03:25.495,2012-04-16 16:00:00.0,SYSTEM
11,Turning & Milling,2012-04-16 16:00:00.0,2012-04-16 20:27:05.518,Role 1
11,Milling,2012-04-16 20:27:05.518,2012-04-17 07:00:00.0,SYSTEM
12,Start,2012-04-17 08:32:00.0,2012-04-17 08:32:00.0,SYSTEM
12,Turning & Milling,2012-04-17 08:32:00.0,2012-04-17 13:49:05.997,Role 1
11,Final Inspection Q.C.,2012-04-17 07:00:00.0,2012-04-17 13:54:46.51,Role 3
12,Laser Marking,2012-04-17 13:49:05.997,2012-04-17 13:54:58.54,Role 6
11,End,2012-04-17 13:54:46.51,2012-04-17 14:00:00.0,SYSTEM
12,Round Grinding,2012-04-17 13:54:58.54,2012-04-17 19:25:25.865,Role 2
12,Lapping,2012-04-17 19:25:25.865,2012-04-17 19:34:52.354,Role 6
12,Round Grinding,2012-04-17 19:34:52.354,2012-04-17 22:41:25.164,Role 2
12,Turning & Milling Q.C.,2012-04-17 22:41:25.164,2012-04-18 01:50:41.681,Role 3
12,Round Grinding,2012-04-18 01:50:41.681,2012-04-18 09:17:30.244,Role 2
12,Final Inspection Q.C.,2012-04-18 09:17:30.244,2012-04-18 10:05:31.549,Role 3
12,End,2012-04-18 10:05:31.549,2012-04-18 10:05:31.549,SYSTEM
13,Turning & Milling,2012-04-18 17:41:00.0,2012-04-18 18:56:04.526,Role 1
13,Milling,2012-04-18 18:56:04.526,2012-04-18 18:56:04.526,SYSTEM
13,Final Inspection Q.C.,2012-04-18 18:56:04.526,2012-04-18 20:38:36.273,Role 3
13,End,2012-04-18 20:38:36.273,2012-04-19 07:00:00.0,SYSTEM
14,Turning & Milling,2012-04-23 16:49:00.0,2012-04-23 23:10:39.473,Role 1
14,Start,2012-04-23 23:10:39.473,2012-04-23 23:10:39.473,SYSTEM
14,Turning & Milling,2012-04-23 23:10:39.473,2012-04-24 09:51:53.954,Role 1
14,Milling,2012-04-24 09:51:53.954,2012-04-24 09:51:53.954,SYSTEM
14,Final Inspection Q.C.,2012-04-24 09:51:53.954,2012-04-24 14:36:05.413,Role 3
14,Round Grinding,2012-04-24 14:36:05.413,2012-04-24 18:46:02.94,Role 2
14,Turning & Milling Q.C.,2012-04-24 18:46:02.94,2012-04-24 20:48:42.195,Role 3
14,Laser Marking,2012-04-24 20:48:42.195,2012-04-24 21:37:47.869,Role 6
14,Flat Grinding,2012-04-24 21:37:47.869,2012-04-24 23:30:49.291,Role 6
14,Laser Marking,2012-04-24 23:30:49.291,2012-04-24 23:43:39.183,Role 6
14,Flat Grinding,2012-04-24 23:43:39.183,2012-04-25 01:26:14.226,Role 6
14,Lapping,2012-04-25 01:26:14.226,2012-04-25 03:02:37.581,Role 6
14,Turning Rework,2012-04-25 03:02:37.581,2012-04-25 03:02:37.581,SYSTEM
14,Lapping,2012-04-25 03:02:37.581,2012-04-25 03:25:47.409,Role 6
14,Turning Rework,2012-04-25 03:25:47.409,2012-04-25 03:25:47.409,SYSTEM
14,Lapping,2012-04-25 03:25:47.409,2012-04-25 05:26:37.961,Role 6
14,Turning Rework,2012-04-25 05:26:37.961,2012-04-25 05:26:37.961,SYSTEM
14,Lapping,2012-04-25 05:26:37.961,2012-04-25 05:34:17.348,Role 6
15,Turning & Milling,2012-04-25 00:55:00.0,2012-04-25 07:51:23.382,Role 1
15,Start,2012-04-25 07:51:23.382,2012-04-25 07:51:23.382,SYSTEM
15,Change Version,2012-04-25 07:51:23.382,2012-04-25 07:51:23.382,SYSTEM
15,Final Inspection Q.C.,2012-04-25 07:51:23.382,2012-04-25 08:24:35.038,Role 3
15,Packing,2012-04-25 08:24:35.038,2012-04-25 09:24:35.038,Role 5
14,Round Grinding,2012-04-25 05:34:17.348,2012-04-25 09:47:44.233,Role 2
14,Final Inspection Q.C.,2012-04-25 09:47:44.233,2012-04-25 12:06:34.653,Role 3
14,Packing,2012-04-25 12:06:34.653,2012-04-25 13:06:34.653,Role 5
14,Fix,2012-04-25 13:06:34.653,2012-04-25 14:00:00.0,SYSTEM
15,Fix,2012-04-25 09:24:35.038,2012-04-25 14:00:00.0,SYSTEM
14,Packing,2012-04-25 14:00:00.0,2012-04-25 15:00:00.0,Role 5
15,Packing,2012-04-25 14:00:00.0,2012-04-25 15:00:00.0,Role 5
15,Final Inspection Q.C.,2012-04-25 15:00:00.0,2012-04-25 16:15:57.761,Role 3
14,Round  Q.C.,2012-04-25 15:00:00.0,2012-04-25 17:00:00.0,SYSTEM
15,Round Grinding,2012-04-25 16:15:57.761,2012-04-25 17:55:47.811,Role 2
14,Packing,2012-04-25 17:00:00.0,2012-04-25 18:00:00.0,Role 5
14,Final Inspection Q.C.,2012-04-25 18:00:00.0,2012-04-25 20:53:34.975,Role 3
15,Turning & Milling Q.C.,2012-04-25 17:55:47.811,2012-04-25 22:26:18.056,Role 3
14,End,2012-04-25 20:53:34.975,2012-04-26 07:00:00.0,SYSTEM
15,Stress Relief,2012-04-25 22:26:18.056,2012-04-26 07:00:00.0,SYSTEM
15,Turning & Milling,2012-04-26 07:00:00.0,2012-04-26 07:05:00.608,Role 1
15,Turning & Milling Q.C.,2012-04-26 07:05:00.608,2012-04-26 07:43:16.857,Role 3
15,Flat Grinding,2012-04-26 07:43:16.857,2012-04-26 08:18:53.598,Role 6
15,Laser Marking,2012-04-26 08:18:53.598,2012-04-26 10:16:17.377,Role 6
15,Flat Grinding,2012-04-26 10:16:17.377,2012-04-26 11:06:09.912,Role 6
15,Laser Marking,2012-04-26 11:06:09.912,2012-04-26 12:02:13.43,Role 6
15,Lapping,2012-04-26 12:02:13.43,2012-04-26 12:08:32.964,Role 6
15,Round Grinding,2012-04-26 12:08:32.964,2012-04-26 18:09:18.475,Role 2
15,Laser Marking,2012-04-26 18:09:18.475,2012-04-26 18:13:13.142,Role 6
15,Flat Grinding,2012-04-26 18:13:13.142,2012-04-26 18:28:11.424,Role 6
15,Laser Marking,2012-04-26 18:28:11.424,2012-04-26 18:37:36.289,Role 6
15,Final Inspection Q.C.,2012-04-26 18:37:36.289,2012-04-26 22:19:34.657,Role 3
15,Packing,2012-04-26 22:19:34.657,2012-04-26 23:19:34.657,Role 5
15,Fix,2012-04-26 23:19:34.657,2012-04-27 07:00:00.0,SYSTEM
15,Packing,2012-04-27 07:00:00.0,2012-04-27 08:00:00.0,Role 5
15,Fix,2012-04-27 08:00:00.0,2012-04-27 13:00:00.0,SYSTEM
15,Packing,2012-04-27 13:00:00.0,2012-04-27 14:00:00.0,Role 5
15,End,2012-04-27 14:00:00.0,2012-04-27 14:00:00.0,SYSTEM
16,Rework Milling,2012-04-27 17:05:00.0,2012-04-27 17:05:00.0,SYSTEM
16,Start,2012-04-27 17:05:00.0,2012-04-27 17:05:00.0,SYSTEM
16,Change Version,2012-04-27 17:05:00.0,2012-04-27 17:05:00.0,SYSTEM
16,Final Inspection Q.C.,2012-04-27 17:05:00.0,2012-04-27 17:39:52.844,Role 3
16,Grinding Rework,2012-04-27 17:39:52.844,2012-04-27 20:54:52.844,Role 2
16,Packing,2012-04-27 20:54:52.844,2012-04-27 21:54:52.844,Role 5
16,End,2012-04-27 21:54:52.844,2012-04-28 18:00:00.0,SYSTEM
17,Turning & Milling,2012-05-01 17:11:00.0,2012-05-02 00:14:12.477,Role 1
17,Start,2012-05-02 00:14:12.477,2012-05-02 00:14:12.477,SYSTEM
17,Turning,2012-05-02 00:14:12.477,2012-05-02 00:14:12.477,SYSTEM
17,Turning Q.C.,2012-05-02 00:14:12.477,2012-05-02 00:14:12.477,SYSTEM
17,Turning & Milling,2012-05-02 00:14:12.477,2012-05-02 06:52:48.955,Role 1
17,Laser Marking,2012-05-02 06:52:48.955,2012-05-02 10:42:58.567,Role 6
17,Final Inspection Q.C.,2012-05-02 10:42:58.567,2012-05-02 11:24:47.772,Role 3
17,Grinding Rework,2012-05-02 11:24:47.772,2012-05-02 14:39:47.772,Role 2
17,Final Inspection Q.C.,2012-05-02 14:39:47.772,2012-05-02 16:17:00.882,Role 3
17,End,2012-05-02 16:17:00.882,2012-05-02 17:00:00.0,SYSTEM
18,Turning & Milling,2012-05-03 14:20:00.0,2012-05-03 15:21:24.823,Role 1
18,Start,2012-05-03 15:21:24.823,2012-05-03 15:21:24.823,SYSTEM
18,Turning,2012-05-03 15:21:24.823,2012-05-04 07:00:00.0,SYSTEM
18,Turning Q.C.,2012-05-04 07:00:00.0,2012-05-04 07:00:00.0,SYSTEM
18,Turning & Milling,2012-05-04 07:00:00.0,2012-05-04 09:54:03.317,Role 1
18,Start,2012-05-04 09:54:03.317,2012-05-04 13:00:00.0,SYSTEM
18,Turning & Milling,2012-05-04 13:00:00.0,2012-05-04 20:58:22.557,Role 1
18,Start,2012-05-04 20:58:22.557,2012-05-05 18:00:00.0,SYSTEM
18,Milling Q.C.,2012-05-05 18:00:00.0,2012-05-05 18:00:00.0,SYSTEM
18,Packing,2012-05-05 18:00:00.0,2012-05-05 19:00:00.0,Role 5
18,Fix,2012-05-05 19:00:00.0,2012-05-07 16:00:00.0,SYSTEM
18,Packing,2012-05-07 16:00:00.0,2012-05-07 17:00:00.0,Role 5
18,Final Inspection Q.C.,2012-05-07 17:00:00.0,2012-05-07 18:02:23.232,Role 3
18,End,2012-05-07 18:02:23.232,2012-05-07 18:02:23.232,SYSTEM
19,Start,2012-05-08 07:27:00.0,2012-05-08 07:27:00.0,SYSTEM
19,Turning & Milling Q.C.,2012-05-08 07:27:00.0,2012-05-08 08:01:17.486,Role 3
19,Flat Grinding,2012-05-08 08:01:17.486,2012-05-08 08:28:34.841,Role 6
19,Lapping,2012-05-08 08:28:34.841,2012-05-08 08:36:11.105,Role 6
19,Laser Marking,2012-05-08 08:36:11.105,2012-05-08 09:10:34.724,Role 6
19,Round Grinding,2012-05-08 09:10:34.724,2012-05-08 09:37:41.817,Role 2
19,Laser Marking,2012-05-08 09:37:41.817,2012-05-08 09:51:29.662,Role 6
19,Lapping,2012-05-08 09:51:29.662,2012-05-08 12:45:57.325,Role 6
19,Laser Marking,2012-05-08 12:45:57.325,2012-05-08 12:51:10.424,Role 6
19,Final Inspection Q.C.,2012-05-08 12:51:10.424,2012-05-08 15:59:59.177,Role 3
19,Grinding Rework,2012-05-08 15:59:59.177,2012-05-08 19:14:59.177,Role 2
19,Packing,2012-05-08 19:14:59.177,2012-05-08 20:14:59.177,Role 5
19,Round  Q.C.,2012-05-08 20:14:59.177,2012-05-08 21:00:00.0,SYSTEM
19,Packing,2012-05-08 21:00:00.0,2012-05-08 22:00:00.0,Role 5
19,End,2012-05-08 22:00:00.0,2012-05-09 00:00:00.0,SYSTEM
20,Start,2012-05-09 14:35:00.0,2012-05-09 14:35:00.0,SYSTEM
20,Turning,2012-05-09 14:35:00.0,2012-05-09 14:35:00.0,SYSTEM
20,Turning Q.C.,2012-05-09 14:35:00.0,2012-05-09 14:35:00.0,SYSTEM
20,Turning & Milling,2012-05-09 14:35:00.0,2012-05-09 18:05:24.413,Role 1
20,Laser Marking,2012-05-09 18:05:24.413,2012-05-09 18:28:36.626,Role 6
20,Lapping,2012-05-09 18:28:36.626,2012-05-09 20:30:57.379,Role 6
20,Laser Marking,2012-05-09 20:30:57.379,2012-05-09 21:16:59.643,Role 6
20,Final Inspection Q.C.,2012-05-09 21:16:59.643,2012-05-10 02:07:33.453,Role 3
20,Round Grinding,2012-05-10 02:07:33.453,2012-05-10 03:26:19.632,Role 2
20,Laser Marking,2012-05-10 03:26:19.632,2012-05-10 05:44:51.673,Role 6
20,Lapping,2012-05-10 05:44:51.673,2012-05-10 10:36:57.362,Role 6
20,Laser Marking,2012-05-10 10:36:57.362,2012-05-10 10:50:37.773,Role 6
20,Flat Grinding,2012-05-10 10:50:37.773,2012-05-10 11:25:26.897,Role 6
20,Lapping,2012-05-10 11:25:26.897,2012-05-10 12:45:30.222,Role 6
20,Final Inspection Q.C.,2012-05-10 12:45:30.222,2012-05-10 14:34:13.762,Role 3
20,Round Grinding,2012-05-10 14:34:13.762,2012-05-10 23:22:29.013,Role 2
20,Turning & Milling Q.C.,2012-05-10 23:22:29.013,2012-05-11 00:23:26.339,Role 3
20,Turn & Mill. & Screw Assem,2012-05-11 00:23:26.339,2012-05-11 00:23:26.339,SYSTEM
20,Turning & Milling Q.C.,2012-05-11 00:23:26.339,2012-05-11 01:01:14.143,Role 3
20,Laser Marking,2012-05-11 01:01:14.143,2012-05-11 02:13:57.724,Role 6
20,Flat Grinding,2012-05-11 02:13:57.724,2012-05-11 02:32:42.904,Role 6
20,Lapping,2012-05-11 02:32:42.904,2012-05-11 02:39:39.582,Role 6
20,Laser Marking,2012-05-11 02:39:39.582,2012-05-11 04:46:14.556,Role 6
20,Flat Grinding,2012-05-11 04:46:14.556,2012-05-11 05:44:42.459,Role 6
20,Lapping,2012-05-11 05:44:42.459,2012-05-11 05:45:50.792,Role 6
20,Laser Marking,2012-05-11 05:45:50.792,2012-05-11 07:07:06.058,Role 6
20,Lapping,2012-05-11 07:07:06.058,2012-05-11 09:59:16.077,Role 6
20,Final Inspection Q.C.,2012-05-11 09:59:16.077,2012-05-11 12:22:06.455,Role 3
20,Round Grinding,2012-05-11 12:22:06.455,2012-05-11 14:55:32.478,Role 2
20,Lapping,2012-05-11 14:55:32.478,2012-05-11 15:15:49.75,Role 6
20,Turning Rework,2012-05-11 15:15:49.75,2012-05-11 15:15:49.75,SYSTEM
20,Lapping,2012-05-11 15:15:49.75,2012-05-11 15:18:09.454,Role 6
20,Final Inspection Q.C.,2012-05-11 15:18:09.454,2012-05-11 15:58:04.12,Role 3
20,Round Grinding,2012-05-11 15:58:04.12,2012-05-11 20:45:43.208,Role 2
20,Laser Marking,2012-05-11 20:45:43.208,2012-05-11 20:59:45.192,Role 6
20,Round Grinding,2012-05-11 20:59:45.192,2012-05-11 23:12:07.927,Role 2
20,Packing,2012-05-11 23:12:07.927,2012-05-12 00:12:08.927,Role 5
20,Final Inspection Q.C.,2012-05-12 00:12:08.927,2012-05-12 01:27:49.896,Role 3
20,Packing,2012-05-12 01:27:49.896,2012-05-12 02:27:49.896,Role 5
20,End,2012-05-12 02:27:49.896,2012-05-12 18:00:00.0,SYSTEM
21,Rework Milling,2012-05-12 18:43:00.0,2012-05-12 18:43:00.0,SYSTEM
21,Start,2012-05-12 18:43:00.0,2012-05-12 18:43:00.0,SYSTEM
21,Turning,2012-05-12 18:43:00.0,2012-05-12 18:43:00.0,SYSTEM
21,Turning Q.C.,2012-05-12 18:43:00.0,2012-05-12 18:43:00.0,SYSTEM
21,Turning & Milling,2012-05-12 18:43:00.0,2012-05-12 21:23:08.821,Role 1
21,Start,2012-05-12 21:23:08.821,2012-05-14 16:00:00.0,SYSTEM
21,Milling Q.C.,2012-05-14 16:00:00.0,2012-05-14 16:00:00.0,SYSTEM
21,Packing,2012-05-14 16:00:00.0,2012-05-14 17:00:00.0,Role 5
21,End,2012-05-14 17:00:00.0,2012-05-14 17:00:00.0,SYSTEM
22,Turning & Milling,2012-05-15 21:49:00.0,2012-05-15 23:28:30.261,Role 1
22,Laser Marking,2012-05-15 23:28:30.261,2012-05-16 00:09:42.636,Role 6
22,Round Grinding,2012-05-16 00:09:42.636,2012-05-16 00:30:16.013,Role 2
22,Lapping,2012-05-16 00:30:16.013,2012-05-16 01:52:11.964,Role 6
22,Round Grinding,2012-05-16 01:52:11.964,2012-05-16 04:04:24.302,Role 2
22,Turning & Milling Q.C.,2012-05-16 04:04:24.302,2012-05-16 07:54:26.9,Role 3
22,Turning & Milling,2012-05-16 07:54:26.9,2012-05-16 09:38:23.214,Role 1
22,Laser Marking,2012-05-16 09:38:23.214,2012-05-16 10:12:51.26,Role 6
22,Flat Grinding,2012-05-16 10:12:51.26,2012-05-16 11:40:25.722,Role 6
22,Laser Marking,2012-05-16 11:40:25.722,2012-05-16 11:49:41.828,Role 6
22,Lapping,2012-05-16 11:49:41.828,2012-05-16 12:46:01.708,Role 6
22,Turning Rework,2012-05-16 12:46:01.708,2012-05-16 12:46:01.708,SYSTEM
22,Lapping,2012-05-16 12:46:01.708,2012-05-16 13:00:13.439,Role 6
22,Round Grinding,2012-05-16 13:00:13.439,2012-05-16 14:18:09.811,Role 2
22,Laser Marking,2012-05-16 14:18:09.811,2012-05-16 18:59:22.854,Role 6
22,Flat Grinding,2012-05-16 18:59:22.854,2012-05-16 19:24:28.79,Role 6
22,Lapping,2012-05-16 19:24:28.79,2012-05-16 19:39:08.357,Role 6
22,Round Grinding,2012-05-16 19:39:08.357,2012-05-17 01:36:29.201,Role 2
22,Lapping,2012-05-17 01:36:29.201,2012-05-17 02:59:45.45,Role 6
22,Final Inspection Q.C.,2012-05-17 02:59:45.45,2012-05-17 04:46:26.583,Role 3
22,End,2012-05-17 04:46:26.583,2012-05-17 04:46:26.583,SYSTEM
23,Start,2012-05-18 13:59:00.0,2012-05-18 13:59:00.0,SYSTEM
23,Turning,2012-05-18 13:59:00.0,2012-05-18 13:59:00.0,SYSTEM
23,Turning Q.C.,2012-05-18 13:59:00.0,2012-05-18 13:59:00.0,SYSTEM
23,Turning & Milling,2012-05-18 13:59:00.0,2012-05-18 16:39:53.789,Role 1
23,Start,2012-05-18 16:39:53.789,2012-05-18 17:00:00.0,SYSTEM
23,Milling Q.C.,2012-05-18 17:00:00.0,2012-05-18 17:00:00.0,SYSTEM
23,Packing,2012-05-18 17:00:00.0,2012-05-18 18:00:00.0,Role 5
23,Final Inspection Q.C.,2012-05-18 18:00:00.0,2012-05-19 01:45:10.737,Role 3
23,Grinding Rework,2012-05-19 01:45:10.737,2012-05-19 05:00:10.737,Role 2
23,Final Inspection Q.C.,2012-05-19 05:00:10.737,2012-05-19 05:51:47.749,Role 3
23,Round Grinding,2012-05-19 05:51:47.749,2012-05-19 11:19:42.02,Role 2
23,Laser Marking,2012-05-19 11:19:42.02,2012-05-19 11:48:53.506,Role 6
23,Lapping,2012-05-19 11:48:53.506,2012-05-19 13:53:26.852,Role 6
23,Turning Rework,2012-05-19 13:53:26.852,2012-05-19 18:00:00.0,SYSTEM
23,Lapping,2012-05-19 18:00:00.0,2012-05-19 18:17:22.717,Role 6
23,Laser Marking,2012-05-19 18:17:22.717,2012-05-19 19:37:07.337,Role 6
23,Flat Grinding,2012-05-19 19:37:07.337,2012-05-19 20:03:01.76,Role 6
23,Laser Marking,2012-05-19 20:03:01.76,2012-05-19 20:03:49.857,Role 6
23,Final Inspection Q.C.,2012-05-19 20:03:49.857,2012-05-19 20:42:53.388,Role 3
23,Packing,2012-05-19 20:42:53.388,2012-05-19 21:42:53.388,Role 5
23,Final Inspection Q.C.,2012-05-19 21:42:53.388,2012-05-19 21:45:03.59,Role 3
23,Grinding Rework,2012-05-19 21:45:03.59,2012-05-20 01:00:04.59,Role 2
23,Final Inspection Q.C.,2012-05-20 01:00:04.59,2012-05-20 03:25:52.593,Role 3
23,Round Grinding,2012-05-20 03:25:52.593,2012-05-20 03:48:12.426,Role 2
23,Laser Marking,2012-05-20 03:48:12.426,2012-05-20 04:40:17.085,Role 6
23,Flat Grinding,2012-05-20 04:40:17.085,2012-05-20 05:23:08.686,Role 6
23,Laser Marking,2012-05-20 05:23:08.686,2012-05-20 05:40:40.945,Role 6
23,Lapping,2012-05-20 05:40:40.945,2012-05-20 07:06:51.733,Role 6
23,Final Inspection Q.C.,2012-05-20 07:06:51.733,2012-05-20 09:06:28.795,Role 3
23,Packing,2012-05-20 09:06:28.795,2012-05-20 10:06:28.795,Role 5
23,Final Inspection Q.C.,2012-05-20 10:06:28.795,2012-05-20 11:51:41.264,Role 3
23,Grinding Rework,2012-05-20 11:51:41.264,2012-05-20 15:06:41.264,Role 2
23,Final Inspection Q.C.,2012-05-20 15:06:41.264,2012-05-20 16:00:07.883,Role 3
23,Grinding Rework,2012-05-20 16:00:07.883,2012-05-20 19:15:07.883,Role 2
23,Packing,2012-05-20 19:15:07.883,2012-05-20 20:15:07.883,Role 5
23,Fix,2012-05-20 20:15:07.883,2012-05-21 16:00:00.0,SYSTEM
23,Packing,2012-05-21 16:00:00.0,2012-05-21 17:00:00.0,Role 5
23,Fix,2012-05-21 17:00:00.0,2012-05-21 17:00:00.0,SYSTEM
23,Packing,2012-05-21 17:00:00.0,2012-05-21 18:00:00.0,Role 5
23,End,2012-05-21 18:00:00.0,2012-05-21 18:00:00.0,SYSTEM
24,Start,2012-05-22 16:06:00.0,2012-05-22 16:06:00.0,SYSTEM
24,Milling Q.C.,2012-05-22 16:06:00.0,2012-05-22 16:06:00.0,SYSTEM
24,Packing,2012-05-22 16:06:00.0,2012-05-22 17:06:00.0,Role 5
24,Final Inspection Q.C.,2012-05-22 17:06:00.0,2012-05-22 19:43:17.928,Role 3
24,End,2012-05-22 19:43:17.928,2012-05-22 21:00:00.0,SYSTEM
25,Rework Milling,2012-05-24 07:14:00.0,2012-05-24 07:14:00.0,SYSTEM
25,Start,2012-05-24 07:14:00.0,2012-05-24 07:14:00.0,SYSTEM
25,Turning & Milling,2012-05-24 07:14:00.0,2012-05-24 09:29:27.659,Role 1
25,Laser Marking,2012-05-24 09:29:27.659,2012-05-24 09:41:56.409,Role 6
25,Round Grinding,2012-05-24 09:41:56.409,2012-05-24 10:53:16.089,Role 2
25,Lapping,2012-05-24 10:53:16.089,2012-05-24 12:14:25.587,Role 6
25,Turning Rework,2012-05-24 12:14:25.587,2012-05-24 14:00:00.0,SYSTEM
25,Lapping,2012-05-24 14:00:00.0,2012-05-24 15:20:25.989,Role 6
25,Turning Rework,2012-05-24 15:20:25.989,2012-05-25 07:00:00.0,SYSTEM
25,Lapping,2012-05-25 07:00:00.0,2012-05-25 07:36:45.444,Role 6
25,Turning Rework,2012-05-25 07:36:45.444,2012-05-25 07:36:45.444,SYSTEM
25,Lapping,2012-05-25 07:36:45.444,2012-05-25 08:13:55.909,Role 6
25,Final Inspection Q.C.,2012-05-25 08:13:55.909,2012-05-25 12:42:01.471,Role 3
25,Round Grinding,2012-05-25 12:42:01.471,2012-05-25 18:59:48.397,Role 2
25,Turning & Milling Q.C.,2012-05-25 18:59:48.397,2012-05-25 19:20:46.092,Role 3
25,Nitration Q.C.,2012-05-25 19:20:46.092,2012-05-25 19:23:46.092,Role 3
25,Laser Marking,2012-05-25 19:23:46.092,2012-05-25 19:39:50.558,Role 6
25,Round Grinding,2012-05-25 19:39:50.558,2012-05-25 23:34:26.529,Role 2
25,Packing,2012-05-25 23:34:26.529,2012-05-26 00:34:27.529,Role 5
25,End,2012-05-26 00:34:27.529,2012-05-26 18:00:00.0,SYSTEM
26,Rework Milling,2012-05-28 18:21:00.0,2012-05-28 18:21:00.0,SYSTEM
26,Start,2012-05-28 18:21:00.0,2012-05-28 18:21:00.0,SYSTEM
26,Turning,2012-05-28 18:21:00.0,2012-05-28 18:21:00.0,SYSTEM
26,Turning Q.C.,2012-05-28 18:21:00.0,2012-05-28 18:21:00.0,SYSTEM
26,Turning & Milling,2012-05-28 18:21:00.0,2012-05-28 18:30:09.781,Role 1
26,Milling,2012-05-28 18:30:09.781,2012-05-28 18:30:09.781,SYSTEM
26,Final Inspection Q.C.,2012-05-28 18:30:09.781,2012-05-28 20:14:17.795,Role 3
26,Packing,2012-05-28 20:14:17.795,2012-05-28 21:14:17.795,Role 5
26,Final Inspection Q.C.,2012-05-28 21:14:17.795,2012-05-28 22:37:27.127,Role 3
26,Round Grinding,2012-05-28 22:37:27.127,2012-05-29 00:40:15.94,Role 2
26,Lapping,2012-05-29 00:40:15.94,2012-05-29 00:53:28.185,Role 6
26,Final Inspection Q.C.,2012-05-29 00:53:28.185,2012-05-29 01:50:12.782,Role 3
26,Grinding Rework,2012-05-29 01:50:12.782,2012-05-29 05:05:12.782,Role 2
26,Packing,2012-05-29 05:05:12.782,2012-05-29 06:05:12.782,Role 5
26,Fix,2012-05-29 06:05:12.782,2012-05-29 07:00:00.0,SYSTEM
26,Packing,2012-05-29 07:00:00.0,2012-05-29 08:00:00.0,Role 5
26,End,2012-05-29 08:00:00.0,2012-05-29 08:00:00.0,SYSTEM
27,Rework Milling,2012-05-30 07:29:00.0,2012-05-30 07:29:00.0,SYSTEM
27,Start,2012-05-30 07:29:00.0,2012-05-30 07:29:00.0,SYSTEM
27,Turning & Milling,2012-05-30 07:29:00.0,2012-05-30 12:57:36.249,Role 1
27,Laser Marking,2012-05-30 12:57:36.249,2012-05-30 12:58:49.458,Role 6
27,Flat Grinding,2012-05-30 12:58:49.458,2012-05-30 15:09:56.348,Role 6
27,Lapping,2012-05-30 15:09:56.348,2012-05-30 15:17:50.007,Role 6
27,Round Grinding,2012-05-30 15:17:50.007,2012-05-30 18:22:50.0,Role 2
27,Laser Marking,2012-05-30 18:22:50.0,2012-05-30 18:57:24.313,Role 6
27,Flat Grinding,2012-05-30 18:57:24.313,2012-05-30 19:43:27.238,Role 6
27,Laser Marking,2012-05-30 19:43:27.238,2012-05-30 20:26:12.559,Role 6
27,Round Grinding,2012-05-30 20:26:12.559,2012-05-30 21:53:28.172,Role 2
27,Turning & Milling Q.C.,2012-05-30 21:53:28.172,2012-05-30 23:25:48.206,Role 3
27,Turn & Mill. & Screw Assem,2012-05-30 23:25:48.206,2012-05-31 07:00:00.0,SYSTEM
27,Turning & Milling Q.C.,2012-05-31 07:00:00.0,2012-05-31 08:08:45.525,Role 3
27,Laser Marking,2012-05-31 08:08:45.525,2012-05-31 11:39:31.703,Role 6
27,Flat Grinding,2012-05-31 11:39:31.703,2012-05-31 12:34:09.75,Role 6
27,Lapping,2012-05-31 12:34:09.75,2012-05-31 13:08:46.933,Role 6
27,Final Inspection Q.C.,2012-05-31 13:08:46.933,2012-05-31 21:50:46.551,Role 3
27,Round Grinding,2012-05-31 21:50:46.551,2012-05-31 22:50:35.504,Role 2
27,Final Inspection Q.C.,2012-05-31 22:50:35.504,2012-06-01 02:24:15.184,Role 3
27,Round Grinding,2012-06-01 02:24:15.184,2012-06-01 02:55:55.425,Role 2
27,Laser Marking,2012-06-01 02:55:55.425,2012-06-01 04:29:13.028,Role 6
27,Lapping,2012-06-01 04:29:13.028,2012-06-01 05:07:17.855,Role 6
27,Final Inspection Q.C.,2012-06-01 05:07:17.855,2012-06-01 10:02:01.031,Role 3
27,Grinding Rework,2012-06-01 10:02:01.031,2012-06-01 13:17:01.031,Role 2
27,Packing,2012-06-01 13:17:01.031,2012-06-01 14:17:01.031,Role 5
27,Fix,2012-06-01 14:17:01.031,2012-06-01 14:17:01.031,SYSTEM
27,Packing,2012-06-01 14:17:01.031,2012-06-01 15:17:01.031,Role 5
27,Fix,2012-06-01 15:17:01.031,2012-06-01 17:00:00.0,SYSTEM
27,Packing,2012-06-01 17:00:00.0,2012-06-01 18:00:00.0,Role 5
27,Final Inspection Q.C.,2012-06-01 18:00:00.0,2012-06-01 18:16:19.251,Role 3
27,End,2012-06-01 18:16:19.251,2012-06-01 18:16:19.251,SYSTEM
28,Rework Milling,2012-06-01 18:37:00.0,2012-06-01 18:37:00.0,SYSTEM
28,Start,2012-06-01 18:37:00.0,2012-06-01 18:37:00.0,SYSTEM
28,Change Version,2012-06-01 18:37:00.0,2012-06-01 18:37:00.0,SYSTEM
28,Final Inspection Q.C.,2012-06-01 18:37:00.0,2012-06-02 00:39:36.545,Role 3
28,End,2012-06-02 00:39:36.545,2012-06-02 18:00:00.0,SYSTEM
29,Rework Milling,2012-06-05 18:43:00.0,2012-06-05 18:43:00.0,SYSTEM
29,Start,2012-06-05 18:43:00.0,2012-06-05 18:43:00.0,SYSTEM
29,Turning & Milling,2012-06-05 18:43:00.0,2012-06-05 22:51:52.946,Role 1
29,Milling,2012-06-05 22:51:52.946,2012-06-06 00:00:00.0,SYSTEM
29,Final Inspection Q.C.,2012-06-06 00:00:00.0,2012-06-06 05:56:41.818,Role 3
29,Packing,2012-06-06 05:56:41.818,2012-06-06 06:56:41.818,Role 5
29,Fix,2012-06-06 06:56:41.818,2012-06-06 07:00:00.0,SYSTEM
29,Packing,2012-06-06 07:00:00.0,2012-06-06 08:00:00.0,Role 5
29,Fix,2012-06-06 08:00:00.0,2012-06-06 14:00:00.0,SYSTEM
29,Packing,2012-06-06 14:00:00.0,2012-06-06 15:00:00.0,Role 5
29,Final Inspection Q.C.,2012-06-06 15:00:00.0,2012-06-06 16:24:36.897,Role 3
29,Round Grinding,2012-06-06 16:24:36.897,2012-06-06 18:25:49.313,Role 2
29,Packing,2012-06-06 18:25:49.313,2012-06-06 19:25:49.313,Role 5
29,Fix,2012-06-06 19:25:49.313,2012-06-07 07:00:00.0,SYSTEM
29,Packing,2012-06-07 07:00:00.0,2012-06-07 08:00:00.0,Role 5
29,Fix,2012-06-07 08:00:00.0,2012-06-07 14:00:00.0,SYSTEM
29,Packing,2012-06-07 14:00:00.0,2012-06-07 15:00:00.0,Role 5
29,Round  Q.C.,2012-06-07 15:00:00.0,2012-06-08 07:00:00.0,SYSTEM
29,Packing,2012-06-08 07:00:00.0,2012-06-08 08:00:00.0,Role 5
30,Turning & Milling,2012-06-08 07:53:00.0,2012-06-08 09:40:46.53,Role 1
29,Fix,2012-06-08 08:00:00.0,2012-06-08 13:00:00.0,SYSTEM
30,Milling,2012-06-08 09:40:46.53,2012-06-08 13:00:00.0,SYSTEM
29,Packing,2012-06-08 13:00:00.0,2012-06-08 14:00:00.0,Role 5
29,Round  Q.C.,2012-06-08 14:00:00.0,2012-06-08 14:00:00.0,SYSTEM
29,Packing,2012-06-08 14:00:00.0,2012-06-08 15:00:00.0,Role 5
29,Final Inspection Q.C.,2012-06-08 15:00:00.0,2012-06-08 16:00:33.756,Role 3
29,Grinding Rework,2012-06-08 16:00:33.756,2012-06-08 19:15:33.756,Role 2
29,Final Inspection Q.C.,2012-06-08 19:15:33.756,2012-06-08 21:08:40.136,Role 3
30,Final Inspection Q.C.,2012-06-08 13:00:00.0,2012-06-08 22:57:21.464,Role 3
30,Packing,2012-06-08 22:57:21.464,2012-06-08 23:57:21.464,Role 5
29,End,2012-06-08 21:08:40.136,2012-06-09 18:00:00.0,SYSTEM
30,Fix,2012-06-08 23:57:21.464,2012-06-09 18:00:00.0,SYSTEM
30,Packing,2012-06-09 18:00:00.0,2012-06-09 19:00:00.0,Role 5
30,Final Inspection Q.C.,2012-06-09 19:00:00.0,2012-06-09 19:38:33.871,Role 3
30,Grinding Rework,2012-06-09 19:38:33.871,2012-06-09 22:53:33.871,Role 2
30,Packing,2012-06-09 22:53:33.871,2012-06-09 23:53:33.871,Role 5
30,Fix,2012-06-09 23:53:33.871,2012-06-11 16:00:00.0,SYSTEM
30,Packing,2012-06-11 16:00:00.0,2012-06-11 17:00:00.0,Role 5
30,End,2012-06-11 17:00:00.0,2012-06-11 17:00:00.0,SYSTEM
31,Start,2012-06-12 08:59:00.0,2012-06-12 08:59:00.0,SYSTEM
31,Change Version,2012-06-12 08:59:00.0,2012-06-12 14:00:00.0,SYSTEM
31,Final Inspection Q.C.,2012-06-12 14:00:00.0,2012-06-12 14:55:23.33,Role 3
31,Round Grinding,2012-06-12 14:55:23.33,2012-06-12 17:17:01.499,Role 2
31,Packing,2012-06-12 17:17:01.499,2012-06-12 18:17:01.499,Role 5
31,Round  Q.C.,2012-06-12 18:17:01.499,2012-06-12 18:17:01.499,SYSTEM
31,Packing,2012-06-12 18:17:01.499,2012-06-12 19:17:01.499,Role 5
31,End,2012-06-12 19:17:01.499,2012-06-12 21:00:00.0,SYSTEM
32,Turning & Milling,2012-06-13 18:08:00.0,2012-06-13 19:20:55.381,Role 1
32,Turning & Milling Q.C.,2012-06-13 19:20:55.381,2012-06-13 20:13:59.576,Role 3
32,Turn & Mill. & Screw Assem,2012-06-13 20:13:59.576,2012-06-13 20:13:59.576,SYSTEM
32,Turning & Milling Q.C.,2012-06-13 20:13:59.576,2012-06-14 02:48:10.013,Role 3
32,Nitration Q.C.,2012-06-14 02:48:10.013,2012-06-14 02:51:10.013,Role 3
32,Laser Marking,2012-06-14 02:51:10.013,2012-06-14 03:43:03.718,Role 6
32,Round Grinding,2012-06-14 03:43:03.718,2012-06-14 04:19:55.378,Role 2
32,Packing,2012-06-14 04:19:55.378,2012-06-14 05:19:55.378,Role 5
32,Round  Q.C.,2012-06-14 05:19:55.378,2012-06-14 07:00:00.0,SYSTEM
32,Packing,2012-06-14 07:00:00.0,2012-06-14 08:00:00.0,Role 5
32,End,2012-06-14 08:00:00.0,2012-06-14 14:00:00.0,SYSTEM
33,Rework Milling,2012-06-18 17:16:00.0,2012-06-18 17:16:00.0,SYSTEM
33,Start,2012-06-18 17:16:00.0,2012-06-18 17:16:00.0,SYSTEM
33,Turning & Milling Q.C.,2012-06-18 17:16:00.0,2012-06-18 17:22:02.14,Role 3
33,Round Grinding,2012-06-18 17:22:02.14,2012-06-18 18:45:39.727,Role 2
33,Laser Marking,2012-06-18 18:45:39.727,2012-06-18 18:57:07.767,Role 6
33,Flat Grinding,2012-06-18 18:57:07.767,2012-06-18 21:13:28.441,Role 6
33,Laser Marking,2012-06-18 21:13:28.441,2012-06-19 00:12:08.689,Role 6
33,Lapping,2012-06-19 00:12:08.689,2012-06-19 02:35:46.477,Role 6
33,Turning Rework,2012-06-19 02:35:46.477,2012-06-19 02:35:46.477,SYSTEM
33,Lapping,2012-06-19 02:35:46.477,2012-06-19 03:20:55.633,Role 6
33,Final Inspection Q.C.,2012-06-19 03:20:55.633,2012-06-19 04:04:12.435,Role 3
33,End,2012-06-19 04:04:12.435,2012-06-19 07:00:00.0,SYSTEM
34,Turning & Milling,2012-06-20 03:23:00.0,2012-06-20 07:26:08.133,Role 1
34,Start,2012-06-20 07:26:08.133,2012-06-20 07:26:08.133,SYSTEM
34,Turning & Milling Q.C.,2012-06-20 07:26:08.133,2012-06-20 08:20:19.474,Role 3
34,Laser Marking,2012-06-20 08:20:19.474,2012-06-20 08:58:10.552,Role 6
34,Round Grinding,2012-06-20 08:58:10.552,2012-06-20 10:05:10.345,Role 2
34,Laser Marking,2012-06-20 10:05:10.345,2012-06-20 10:34:20.943,Role 6
34,Final Inspection Q.C.,2012-06-20 10:34:20.943,2012-06-20 11:30:35.437,Role 3
34,Round Grinding,2012-06-20 11:30:35.437,2012-06-20 17:15:45.707,Role 2
34,Turning & Milling Q.C.,2012-06-20 17:15:45.707,2012-06-20 17:18:44.83,Role 3
34,Nitration Q.C.,2012-06-20 17:18:44.83,2012-06-20 17:21:44.83,Role 3
34,Laser Marking,2012-06-20 17:21:44.83,2012-06-20 17:50:26.636,Role 6
34,Round Grinding,2012-06-20 17:50:26.636,2012-06-20 22:13:43.888,Role 2
34,Final Inspection Q.C.,2012-06-20 22:13:43.888,2012-06-21 06:28:11.885,Role 3
34,Round Grinding,2012-06-21 06:28:11.885,2012-06-21 09:15:00.961,Role 2
34,Packing,2012-06-21 09:15:00.961,2012-06-21 10:15:00.961,Role 5
34,Fix,2012-06-21 10:15:00.961,2012-06-21 10:15:00.961,SYSTEM
34,Packing,2012-06-21 10:15:00.961,2012-06-21 11:15:00.961,Role 5
34,Round  Q.C.,2012-06-21 11:15:00.961,2012-06-21 14:00:00.0,SYSTEM
34,Packing,2012-06-21 14:00:00.0,2012-06-21 15:00:00.0,Role 5
34,Fix,2012-06-21 15:00:00.0,2012-06-22 07:00:00.0,SYSTEM
34,Packing,2012-06-22 07:00:00.0,2012-06-22 08:00:00.0,Role 5
34,Round  Q.C.,2012-06-22 08:00:00.0,2012-06-22 13:00:00.0,SYSTEM
34,Packing,2012-06-22 13:00:00.0,2012-06-22 14:00:00.0,Role 5
34,Fix,2012-06-22 14:00:00.0,2012-06-22 14:00:00.0,SYSTEM
34,Packing,2012-06-22 14:00:00.0,2012-06-22 15:00:00.0,Role 5
34,Final Inspection Q.C.,2012-06-22 15:00:00.0,2012-06-22 16:39:02.352,Role 3
35,Start,2012-06-22 17:32:00.0,2012-06-22 17:32:00.0,SYSTEM
35,Turning & Milling Q.C.,2012-06-22 17:32:00.0,2012-06-22 19:04:14.298,Role 3
35,Flat Grinding,2012-06-22 19:04:14.298,2012-06-22 20:42:13.052,Role 6
35,Lapping,2012-06-22 20:42:13.052,2012-06-22 20:48:14.166,Role 6
35,Round Grinding,2012-06-22 20:48:14.166,2012-06-22 20:57:59.599,Role 2
35,Laser Marking,2012-06-22 20:57:59.599,2012-06-22 21:52:01.642,Role 6
34,Round Grinding,2012-06-22 16:39:02.352,2012-06-23 02:13:43.22,Role 2
34,Laser Marking,2012-06-23 02:13:43.22,2012-06-23 03:21:59.612,Role 6
34,Lapping,2012-06-23 03:21:59.612,2012-06-23 04:59:34.598,Role 6
35,Round Grinding,2012-06-22 21:52:01.642,2012-06-23 10:44:05.681,Role 2
35,Turning & Milling Q.C.,2012-06-23 10:44:05.681,2012-06-23 10:51:36.012,Role 3
34,Turning Rework,2012-06-23 04:59:34.598,2012-06-23 18:00:00.0,SYSTEM
35,Stress Relief,2012-06-23 10:51:36.012,2012-06-23 18:00:00.0,SYSTEM
34,Lapping,2012-06-23 18:00:00.0,2012-06-23 20:09:27.059,Role 6
34,Round Grinding,2012-06-23 20:09:27.059,2012-06-23 23:23:27.257,Role 2
34,Lapping,2012-06-23 23:23:27.257,2012-06-24 01:08:41.939,Role 6
35,Turning & Milling,2012-06-23 18:00:00.0,2012-06-24 01:33:51.56,Role 1
34,Turning Rework,2012-06-24 01:08:41.939,2012-06-25 16:00:00.0,SYSTEM
35,Start,2012-06-24 01:33:51.56,2012-06-25 16:00:00.0,SYSTEM
35,Turning & Milling Q.C.,2012-06-25 16:00:00.0,2012-06-25 16:04:15.537,Role 3
35,Round Grinding,2012-06-25 16:04:15.537,2012-06-25 16:19:02.87,Role 2
34,Lapping,2012-06-25 16:00:00.0,2012-06-25 16:35:54.411,Role 6
34,Turning Rework,2012-06-25 16:35:54.411,2012-06-25 16:35:54.411,SYSTEM
35,Laser Marking,2012-06-25 16:19:02.87,2012-06-25 16:41:29.927,Role 6
34,Lapping,2012-06-25 16:35:54.411,2012-06-25 17:27:32.815,Role 6
34,Turning Rework,2012-06-25 17:27:32.815,2012-06-25 17:27:32.815,SYSTEM
35,Lapping,2012-06-25 16:41:29.927,2012-06-25 17:28:55.45,Role 6
34,Lapping,2012-06-25 17:27:32.815,2012-06-25 18:01:16.531,Role 6
35,Round Grinding,2012-06-25 17:28:55.45,2012-06-25 18:46:08.857,Role 2
34,Final Inspection Q.C.,2012-06-25 18:01:16.531,2012-06-25 19:11:10.354,Role 3
35,Lapping,2012-06-25 18:46:08.857,2012-06-25 19:23:30.627,Role 6
34,Packing,2012-06-25 19:11:10.354,2012-06-25 20:11:10.354,Role 5
35,Final Inspection Q.C.,2012-06-25 19:23:30.627,2012-06-25 20:40:43.965,Role 3
34,Final Inspection Q.C.,2012-06-25 20:11:10.354,2012-06-25 23:33:05.408,Role 3
34,Grinding Rework,2012-06-25 23:33:05.408,2012-06-26 02:48:06.408,Role 2
34,Final Inspection Q.C.,2012-06-26 02:48:06.408,2012-06-26 03:38:36.596,Role 3
34,Round Grinding,2012-06-26 03:38:36.596,2012-06-26 04:25:49.678,Role 2
34,Turning & Milling Q.C.,2012-06-26 04:25:49.678,2012-06-26 05:15:34.781,Role 3
34,Nitration Q.C.,2012-06-26 05:15:34.781,2012-06-26 05:18:34.781,Role 3
34,Laser Marking,2012-06-26 05:18:34.781,2012-06-26 05:48:17.104,Role 6
34,Final Inspection Q.C.,2012-06-26 05:48:17.104,2012-06-26 06:30:42.24,Role 3
34,End,2012-06-26 06:30:42.24,2012-06-26 07:00:00.0,SYSTEM
35,End,2012-06-25 20:40:43.965,2012-06-26 07:00:00.0,SYSTEM
36,Start,2012-06-26 17:38:00.0,2012-06-26 17:38:00.0,SYSTEM
36,Turning & Milling,2012-06-26 17:38:00.0,2012-06-26 22:10:38.563,Role 1
36,Start,2012-06-26 22:10:38.563,2012-06-27 00:00:00.0,SYSTEM
36,Turning & Milling,2012-06-27 00:00:00.0,2012-06-27 10:30:55.387,Role 1
36,Laser Marking,2012-06-27 10:30:55.387,2012-06-27 10:34:45.844,Role 6
36,Final Inspection Q.C.,2012-06-27 10:34:45.844,2012-06-27 17:50:48.845,Role 3
36,End,2012-06-27 17:50:48.845,2012-06-27 17:50:48.845,SYSTEM
37,Start,2012-06-28 14:47:00.0,2012-06-28 14:47:00.0,SYSTEM
37,Milling Q.C.,2012-06-28 14:47:00.0,2012-06-28 14:47:00.0,SYSTEM
37,Packing,2012-06-28 14:47:00.0,2012-06-28 15:47:00.0,Role 5
37,Final Inspection Q.C.,2012-06-28 15:47:00.0,2012-06-28 18:14:43.127,Role 3
37,Grinding Rework,2012-06-28 18:14:43.127,2012-06-28 21:29:43.127,Role 2
37,Packing,2012-06-28 21:29:43.127,2012-06-28 22:29:43.127,Role 5
37,Fix,2012-06-28 22:29:43.127,2012-06-29 07:00:00.0,SYSTEM
37,Packing,2012-06-29 07:00:00.0,2012-06-29 08:00:00.0,Role 5
37,Round  Q.C.,2012-06-29 08:00:00.0,2012-06-29 13:00:00.0,SYSTEM
37,Packing,2012-06-29 13:00:00.0,2012-06-29 14:00:00.0,Role 5
37,Fix,2012-06-29 14:00:00.0,2012-06-29 14:00:00.0,SYSTEM
37,Packing,2012-06-29 14:00:00.0,2012-06-29 15:00:00.0,Role 5
37,End,2012-06-29 15:00:00.0,2012-06-29 17:00:00.0,SYSTEM
38,Rework Milling,2012-07-03 07:54:00.0,2012-07-03 07:54:00.0,SYSTEM
38,Start,2012-07-03 07:54:00.0,2012-07-03 07:54:00.0,SYSTEM
38,Turning,2012-07-03 07:54:00.0,2012-07-03 07:54:00.0,SYSTEM
38,Turning Q.C.,2012-07-03 07:54:00.0,2012-07-03 07:54:00.0,SYSTEM
38,Turning & Milling,2012-07-03 07:54:00.0,2012-07-03 12:51:26.787,Role 1
38,Milling,2012-07-03 12:51:26.787,2012-07-03 14:00:00.0,SYSTEM
38,Final Inspection Q.C.,2012-07-03 14:00:00.0,2012-07-03 17:58:34.229,Role 3
38,End,2012-07-03 17:58:34.229,2012-07-03 17:58:34.229,SYSTEM
39,Rework Milling,2012-07-04 17:03:00.0,2012-07-04 17:03:00.0,SYSTEM
39,Start,2012-07-04 17:03:00.0,2012-07-04 17:03:00.0,SYSTEM
39,Change Version,2012-07-04 17:03:00.0,2012-07-04 17:03:00.0,SYSTEM
39,Final Inspection Q.C.,2012-07-04 17:03:00.0,2012-07-04 20:02:47.24,Role 3
39,End,2012-07-04 20:02:47.24,2012-07-05 07:00:00.0,SYSTEM
40,Start,2012-07-09 16:11:00.0,2012-07-09 16:11:00.0,SYSTEM
40,Milling Q.C.,2012-07-09 16:11:00.0,2012-07-09 16:11:00.0,SYSTEM
40,Packing,2012-07-09 16:11:00.0,2012-07-09 17:11:00.0,Role 5
40,End,2012-07-09 17:11:00.0,2012-07-09 17:11:00.0,SYSTEM
41,Turning & Milling,2012-07-11 00:17:00.0,2012-07-11 00:43:55.153,Role 1
41,Turning & Milling Q.C.,2012-07-11 00:43:55.153,2012-07-11 01:54:47.913,Role 3
41,Turning & Milling,2012-07-11 01:54:47.913,2012-07-11 05:42:13.663,Role 1
41,Milling,2012-07-11 05:42:13.663,2012-07-11 05:42:13.663,SYSTEM
41,Final Inspection Q.C.,2012-07-11 05:42:13.663,2012-07-11 08:44:58.154,Role 3
41,Grinding Rework,2012-07-11 08:44:58.154,2012-07-11 11:59:58.154,Role 2
41,Final Inspection Q.C.,2012-07-11 11:59:58.154,2012-07-11 15:24:03.134,Role 3
41,Round Grinding,2012-07-11 15:24:03.134,2012-07-11 18:04:52.692,Role 2
41,Turning & Milling Q.C.,2012-07-11 18:04:52.692,2012-07-11 20:42:58.729,Role 3
41,Stress Relief,2012-07-11 20:42:58.729,2012-07-11 20:42:58.729,SYSTEM
41,Turning & Milling,2012-07-11 20:42:58.729,2012-07-12 04:59:06.096,Role 1
41,Start,2012-07-12 04:59:06.096,2012-07-12 07:00:00.0,SYSTEM
41,Milling Q.C.,2012-07-12 07:00:00.0,2012-07-12 07:00:00.0,SYSTEM
41,Packing,2012-07-12 07:00:00.0,2012-07-12 08:00:00.0,Role 5
41,Final Inspection Q.C.,2012-07-12 08:00:00.0,2012-07-12 09:36:54.104,Role 3
41,Grinding Rework,2012-07-12 09:36:54.104,2012-07-12 12:51:54.104,Role 2
41,Packing,2012-07-12 12:51:54.104,2012-07-12 13:51:54.104,Role 5
41,Fix,2012-07-12 13:51:54.104,2012-07-12 14:00:00.0,SYSTEM
41,Packing,2012-07-12 14:00:00.0,2012-07-12 15:00:00.0,Role 5
41,Final Inspection Q.C.,2012-07-12 15:00:00.0,2012-07-12 15:58:55.737,Role 3
41,Grinding Rework,2012-07-12 15:58:55.737,2012-07-12 19:13:55.737,Role 2
41,Packing,2012-07-12 19:13:55.737,2012-07-12 20:13:55.737,Role 5
41,Final Inspection Q.C.,2012-07-12 20:13:55.737,2012-07-12 22:33:04.788,Role 3
41,End,2012-07-12 22:33:04.788,2012-07-13 07:00:00.0,SYSTEM
42,Turning & Milling,2012-07-13 14:26:00.0,2012-07-13 23:10:49.145,Role 1
42,Turning & Milling Q.C.,2012-07-13 23:10:49.145,2012-07-13 23:21:26.974,Role 3
42,Stress Relief,2012-07-13 23:21:26.974,2012-07-14 18:00:00.0,SYSTEM
42,Turning & Milling,2012-07-14 18:00:00.0,2012-07-14 19:09:22.268,Role 1
42,Start,2012-07-14 19:09:22.268,2012-07-16 16:00:00.0,SYSTEM
42,Turning,2012-07-16 16:00:00.0,2012-07-16 16:00:00.0,SYSTEM
42,Turning Q.C.,2012-07-16 16:00:00.0,2012-07-16 16:00:00.0,SYSTEM
42,Turning & Milling,2012-07-16 16:00:00.0,2012-07-16 23:57:44.692,Role 1
42,Milling,2012-07-16 23:57:44.692,2012-07-17 07:00:00.0,SYSTEM
42,Final Inspection Q.C.,2012-07-17 07:00:00.0,2012-07-17 07:53:10.587,Role 3
42,Grinding Rework,2012-07-17 07:53:10.587,2012-07-17 11:08:10.587,Role 2
42,Packing,2012-07-17 11:08:10.587,2012-07-17 12:08:10.587,Role 5
42,Final Inspection Q.C.,2012-07-17 12:08:10.587,2012-07-17 14:08:23.177,Role 3
43,Start,2012-07-17 16:33:00.0,2012-07-17 16:33:00.0,SYSTEM
43,Change Version,2012-07-17 16:33:00.0,2012-07-17 16:33:00.0,SYSTEM
43,Final Inspection Q.C.,2012-07-17 16:33:00.0,2012-07-17 16:34:13.209,Role 3
43,Round Grinding,2012-07-17 16:34:13.209,2012-07-17 16:41:29.049,Role 2
42,Grinding Rework,2012-07-17 14:08:23.177,2012-07-17 17:23:23.177,Role 2
43,Packing,2012-07-17 16:41:29.049,2012-07-17 17:41:29.049,Role 5
43,Fix,2012-07-17 17:41:29.049,2012-07-17 17:41:29.049,SYSTEM
42,Packing,2012-07-17 17:23:23.177,2012-07-17 18:23:23.177,Role 5
42,Round  Q.C.,2012-07-17 18:23:23.177,2012-07-17 18:23:23.177,SYSTEM
43,Packing,2012-07-17 17:41:29.049,2012-07-17 18:41:29.049,Role 5
43,Fix,2012-07-17 18:41:29.049,2012-07-17 18:41:29.049,SYSTEM
42,Packing,2012-07-17 18:23:23.177,2012-07-17 19:23:23.177,Role 5
42,Final Inspection Q.C.,2012-07-17 19:23:23.177,2012-07-17 19:32:09.671,Role 3
43,Packing,2012-07-17 18:41:29.049,2012-07-17 19:41:29.049,Role 5
43,Fix,2012-07-17 19:41:29.049,2012-07-17 21:00:00.0,SYSTEM
43,Packing,2012-07-17 21:00:00.0,2012-07-17 22:00:00.0,Role 5
42,Grinding Rework,2012-07-17 19:32:09.671,2012-07-17 22:47:09.671,Role 2
42,Packing,2012-07-17 22:47:09.671,2012-07-17 23:47:09.671,Role 5
42,Fix,2012-07-17 23:47:09.671,2012-07-18 00:00:00.0,SYSTEM
43,Round  Q.C.,2012-07-17 22:00:00.0,2012-07-18 00:00:00.0,SYSTEM
42,Packing,2012-07-18 00:00:00.0,2012-07-18 01:00:00.0,Role 5
43,Packing,2012-07-18 00:00:00.0,2012-07-18 01:00:00.0,Role 5
43,End,2012-07-18 01:00:00.0,2012-07-18 03:00:00.0,SYSTEM
42,Final Inspection Q.C.,2012-07-18 01:00:00.0,2012-07-18 11:20:02.983,Role 3
42,Packing,2012-07-18 11:20:02.983,2012-07-18 12:20:02.983,Role 5
42,Final Inspection Q.C.,2012-07-18 12:20:02.983,2012-07-18 12:59:29.729,Role 3
42,Grinding Rework,2012-07-18 12:59:29.729,2012-07-18 16:14:29.729,Role 2
42,Final Inspection Q.C.,2012-07-18 16:14:29.729,2012-07-18 16:57:27.253,Role 3
42,Packing,2012-07-18 16:57:27.253,2012-07-18 17:57:27.253,Role 5
42,Round  Q.C.,2012-07-18 17:57:27.253,2012-07-18 17:57:27.253,SYSTEM
42,Packing,2012-07-18 17:57:27.253,2012-07-18 18:57:27.253,Role 5
42,End,2012-07-18 18:57:27.253,2012-07-18 18:57:27.253,SYSTEM
44,Rework Milling,2012-07-19 07:41:00.0,2012-07-19 07:41:00.0,SYSTEM
44,Start,2012-07-19 07:41:00.0,2012-07-19 07:41:00.0,SYSTEM
44,Change Version,2012-07-19 07:41:00.0,2012-07-19 07:41:00.0,SYSTEM
44,Final Inspection Q.C.,2012-07-19 07:41:00.0,2012-07-19 09:28:45.639,Role 3
44,Round Grinding,2012-07-19 09:28:45.639,2012-07-19 15:08:11.027,Role 2
44,Final Inspection Q.C.,2012-07-19 15:08:11.027,2012-07-19 15:38:16.983,Role 3
44,Packing,2012-07-19 15:38:16.983,2012-07-19 16:38:16.983,Role 5
44,Final Inspection Q.C.,2012-07-19 16:38:16.983,2012-07-19 20:16:38.257,Role 3
44,Packing,2012-07-19 20:16:38.257,2012-07-19 21:16:38.257,Role 5
44,Final Inspection Q.C.,2012-07-19 21:16:38.257,2012-07-19 21:47:31.993,Role 3
44,End,2012-07-19 21:47:31.993,2012-07-20 07:00:00.0,SYSTEM
